"LC.MS.run","focal_ID","Cort_pg.mg","Age","Season","Density","log_Cort_pg.mg"
"1_775","'0007B00C21",35.44,257,"Winter",407,3.56784112573688
"1_775","'0007B1025D",51.04,231,"Winter",407,3.93260963903653
"1_775","'0007B0DF65",36.61,239,"Winter",407,3.60032142713214
"1_775","'000783B8AF",40.3,258,"Winter",407,3.69635146895264
"1_775","'000783BB43",55.58,270,"Winter",407,4.01782342431436
"1_775","'0007B00C21",46.85,252,"Autumn",407,3.84695100868443
"1_775","'000799C800",38.51,249,"Autumn",407,3.65091794782682
"1_775","'000783CE0D",40.7,247,"Autumn",407,3.70622809244855
"1_775","'0007B00BE1",39.11,226,"Autumn",407,3.66637818876742
"1_775","'000799780B",75.94,244,"Autumn",407,4.32994355480366
"1_775","'00079AC474",56.74,253,"Autumn",407,4.0384794293807
"1_775","'0007B10045",46.37,221,"Winter",407,3.83665269840337
"1_775","'0007B00A15",41.69,249,"Winter",407,3.73026129189271
"1_775","'0007B0CFCA",48.97,260,"Autumn",407,3.89120786571423
"1_775","'00079A826F",34.02,312,"Spring",300,3.52694858696772
"1_775","'000799B387",33.21,411,"Spring",300,3.50285103538866
"1_775","'000799C8D0",42.32,282,"Spring",300,3.74525978755004
"1_775","'000799836D",39.89,307,"Spring",300,3.68612566591732
"1_775","'0007999045",39.69,310,"Spring",300,3.68109926679497
"1_775","'00079AA370",27.95,106,"Summer",404,3.33041719960111
"1_775","'00079A8C6E",34.22,118,"Summer",404,3.53281026846405
"1_775","'00079A641A",35.64,119,"Summer",404,3.57346860260261
"1_775","'00079ABD6F",52.25,398,"Summer",404,3.95603989084492
"1_775","'00079A5C05",68.65,112,"Summer",404,4.22902113221398
"1_775","'00079B0312",38.07,103,"Summer",404,3.63942657039441
"1_775","'00079AC474",65.21,116,"Summer",404,4.17761283140511
"1_775","'00079AE5EF",34.83,107,"Summer",404,3.55047908437791
"1_775","'000799DB76",39.08,107,"Summer",404,3.66561082717458
"1_775","'0007ABD3A8",36.45,109,"Summer",404,3.59594145845467
"1_775","'0007B0DD7F",31.19,115,"Summer",404,3.44009753061971
"1_775","'0007B00D2B",43.54,109,"Summer",404,3.7736800558064
"1_775","'0007AFDA4C",44.55,109,"Summer",404,3.79661215391682
"1_775","'0007B0E156",40.1,109,"Summer",404,3.69137633431252
"1_775","'0007B0197D",32,103,"Summer",404,3.46573590279973
"1_775","'0007B00A15",32.2,103,"Summer",404,3.47196645255036
"1_775","'0007B0DD0E",45.77,109,"Summer",404,3.82362885466555
"1_775","'0007B0E197",35.84,118,"Summer",404,3.57906458810673
"1_775","'0007B019FA",43.94,109,"Summer",404,3.78282506695646
"1_775","'0007ACA689",31.19,109,"Summer",404,3.44009753061971
"1_775","'000783D1D6",59.74,117,"Summer",404,4.09000181278796
"1_775","'0007B0064E",44.96,104,"Summer",404,3.80577320558544
"1_775","'0007ABCD2F",30.38,108,"Summer",404,3.41378449716763
"1_775","'0007ABF170",45.56,105,"Summer",404,3.81903013857898
"1_775","'0007ABE15F",44.15,101,"Summer",404,3.78759292704997
"1_775","'000783B8AF",35.24,109,"Summer",404,3.56218180106798
"1_775","'0007AFD8AC",40.7,115,"Summer",404,3.70622809244855
"1_775","'0007AFDBAE",50.83,109,"Summer",404,3.92848673145881
"1_775","'0007B00CC2",52.45,109,"Summer",404,3.95986033484231
"1_775","'000783C3B6",38.88,112,"Summer",404,3.66047997959224
"1_775","'0007B0E2E2",38.68,109,"Summer",404,3.65532267058509
"1_775","'0007ABC23D",38.27,128,"Summer",404,3.64466629943761
"1_775","'000783A501",53.06,119,"Summer",404,3.97142334870959
"1_775","'0007B00B64",42.53,107,"Summer",404,3.75020970926554
"1_775","'0007B0085F",43.54,115,"Summer",404,3.7736800558064
"1_775","'000783B5CC",65.81,115,"Summer",404,4.18677180246803
"1_775","'0007B0E0DF",64.4,109,"Summer",404,4.16511363311031
"1_775","'0007AC1576",39.29,93,"Summer",404,3.67097003357037
"1_775","'0007B0DF08",46.98,96,"Summer",404,3.84972197923077
"1_775","'0007AFD6E3",47.79,93,"Summer",404,3.86681641259007
"1_775","'000783B6C9",40.7,124,"Summer",404,3.70622809244855
"1_775","'000783B3CA",53.06,96,"Summer",404,3.97142334870959
"2_812","'00079A8C6E",69.98,397,"Spring",311,4.24820948693954
"2_812","'000783DD2A",61.34,326,"Spring",311,4.11643215868611
"2_812","'0007AFD6E3",76.46,366,"Spring",311,4.33676772826827
"2_812","'00079AA370",64.54,385,"Spring",311,4.16728518662382
"2_812","'00079A44D8",67.82,348,"Spring",311,4.21685713669749
"2_812","'00079A2ADC",71.93,341,"Spring",311,4.27569342387926
"2_812","'00079A5EAE",52.27,352,"Spring",311,3.95642259272483
"2_812","'00079A6412",51.62,352,"Spring",311,3.94390919429047
"2_812","'00079A1B9A",63.94,387,"Spring",311,4.1579451436317
"2_812","'0007B0197D",74.74,376,"Spring",311,4.31401542405734
"2_812","'0007AFDA4C",57.24,382,"Spring",311,4.04725295468825
"2_812","'0007AFDB02",41.26,348,"Spring",311,3.71989350764311
"2_812","'000783F523",189.22,369,"Spring",311,5.2429103592763
"2_812","'0007B10B59",50.98,386,"Spring",311,3.93143339894797
"2_812","'0007B1002E",55.94,382,"Spring",311,4.02427968777381
"2_812","'0007B11F84",46.66,244,"Spring",311,3.84288726659328
"2_812","'00079A086B",41.9,244,"Spring",311,3.73528582692809
"2_812","'000799FFB1",77.33,248,"Spring",311,4.34808197862094
"3_812","'0007B10326",53.78,187,"Spring",311,3.98490165084072
"3_812","'0007ABA10E",48.6,272,"Spring",311,3.88362353090645
"3_812","'0007B04C51",51.62,250,"Spring",311,3.94390919429047
"3_812","'0007B0CDCE",52.7,188,"Spring",311,3.96461545554732
"3_812","'0007B0FD66",57.46,179,"Spring",311,4.05108905355114
"3_812","'00079CDA23",44.93,179,"Spring",311,3.80510572308207
"3_812","'0007B04C03",42.77,331,"Spring",311,3.75583692223882
"3_812","'0007B11E5D",47.09,187,"Spring",311,3.85206066425546
"3_812","'0007B0FF88",64.58,184,"Spring",311,4.16790476533013
"3_812","'0007B1013E",37.8,185,"Spring",311,3.63230910262554
"3_812","'0007B11D82",50.76,184,"Spring",311,3.92710864284619
"3_812","'0007B100A3",78.84,398,"Spring",311,4.36742048228452
"3_812","'0007B10199",106.49,384,"Spring",311,4.66805108402729
"3_812","'00075A8CB4",93.1,698,"Spring",311,4.53367418428302
"3_812","'0007B0FEE6",42.77,184,"Spring",311,3.75583692223882
"3_812","'00079992BF",36.94,244,"Spring",311,3.60929497477109
"3_812","'0007B11F2A",39.96,187,"Spring",311,3.68787895378035
"3_812","'0007B0064E",40.18,377,"Spring",311,3.69336935938679
"3_812","'0007B00798",43.42,341,"Spring",311,3.77092016445015
"3_812","'0007B04AA1",52.92,228,"Spring",311,3.96878133924676
"3_812","'0007B10168",63.5,231,"Spring",311,4.15103990589865
"3_812","'0007B0FEE1",65.45,230,"Spring",311,4.18128649235591
"3_812","'0007B0CF32",47.09,431,"Spring",311,3.85206066425546
"3_812","'0007B12005",31.32,233,"Summer",311,3.4442568711226
"3_812","'0007B04CCC",38.45,237,"Summer",311,3.64935869595165
"3_812","'0007B0CBEF",37.8,303,"Summer",311,3.63230910262554
"3_812","'0007B11E13",86.83,327,"Summer",311,4.46395218407255
"3_812","'0007B0FD8C",33.91,238,"Summer",311,3.52370995613755
"3_812","'0007B0CEE6",52.92,327,"Summer",311,3.96878133924676
"3_812","'0007B0D1FA",57.24,328,"Summer",311,4.04725295468825
"3_812","'0007B0D1E0",57.67,96,"Summer",311,4.05473710762732
"3_812","'0007B0FEE3",51.41,100,"Summer",311,3.93983270606741
"3_812","'00079AA8DB",23.11,406,"Summer",311,3.14026542428629
"3_812","'0007B045FE",32.62,143,"Summer",311,3.48492559719287
"3_812","'0007B0FB57",34.34,248,"Summer",311,3.53631085546933
"3_812","'00079A964B",85.54,417,"Summer",311,4.44898410279876
"3_812","'000799CD8C",35.42,437,"Summer",311,3.56727663235469
"3_812","'0007B04894",33.91,91,"Summer",311,3.52370995613755
"3_812","'0007B0FE51",33.7,95,"Summer",311,3.51749783735832
"3_812","'0007B0FFDC",33.91,95,"Summer",311,3.52370995613755
"3_812","'0007B046D7",46.22,94,"Summer",311,3.83341260484623
"3_812","'0007B0FD73",34.13,96,"Summer",311,3.53017676291862
"3_812","'0007B11F12",32.4,96,"Summer",311,3.47815842279828
"3_812","'0007B0FBC5",43.42,242,"Summer",311,3.77092016445015
"3_812","'0007B11C10",33.7,94,"Summer",311,3.51749783735832
"3_812","'0007B101CE",69.98,94,"Summer",311,4.24820948693954
"3_812","'0007B10326",34.78,242,"Summer",311,3.54904250892614
"3_812","'0007B0197D",42.98,431,"Summer",311,3.76073489121436
"3_812","'0007B1206B",61.13,97,"Summer",311,4.11300274404063
"3_812","'0007B101ED",37.58,93,"Summer",311,3.62647199398532
"3_812","'0007B0FE55",35.86,146,"Summer",311,3.57962246817699
"3_812","'00079A2ADC",59.62,396,"Summer",311,4.08799108824993
"3_812","'0007B047DD",61.56,95,"Summer",311,4.12001230897068
"3_812","'0007ABCD2F",59.62,436,"Summer",311,4.08799108824993
"4_812","'0007B0D2BA",45.56,203,"Winter",207,3.81903013857898
"4_812","'0007B0FF0C",51.64,201,"Winter",207,3.94429656597844
"4_812","'0007B0FEF6",35.03,205,"Winter",207,3.5562048372094
"4_812","'0007B0FE95",41.51,142,"Winter",207,3.72593436206495
"4_812","'0007B12147",48.8,201,"Winter",207,3.8877303128591
"4_812","'0007B121E8",33.21,141,"Winter",207,3.50285103538866
"4_812","'0007B100AF",34.63,338,"Winter",207,3.54472035841433
"4_812","'0007B10040",36.45,145,"Winter",207,3.59594145845467
"4_812","'0007B11DB9",37.67,143,"Winter",207,3.62886402170395
"4_812","'0007B10235",48.2,145,"Winter",207,3.87535902105655
"4_812","'0007B0FBAB",40.3,145,"Winter",207,3.69635146895264
"4_812","'0007B11B79",52.04,198,"Winter",207,3.9520126536443
"4_812","'0007B11F6D",50.02,160,"Summer",252,3.91242292544947
"4_812","'0007B11F18",58.93,161,"Summer",252,4.07635029884982
"4_812","'0007B0FF43",35.24,160,"Summer",252,3.56218180106798
"4_812","'00079A5EAE",70.47,487,"Summer",252,4.25518708733893
"4_812","'0007B11E9C",62.57,318,"Summer",252,4.13628593001027
"4_812","'0007B11BE3",58.32,314,"Summer",252,4.0659450877004
"4_812","'0007B0CEE6",68.45,407,"Summer",252,4.22610355173446
"4_812","'0007B0FD8C",44.96,318,"Summer",252,3.80577320558544
"4_812","'0007B11B69",56.5,144,"Summer",252,4.0342406381524
"4_812","'0007B120E8",36.05,151,"Summer",252,3.58490686373096
"4_812","'0007B10102",36.25,124,"Summer",252,3.59043938130068
"4_812","'0007B11DF4",70.27,123,"Summer",252,4.25234496520411
"4_812","'0007B9B1CE",38.48,125,"Summer",252,3.65013862579751
"4_812","'0007B11BED",42.12,151,"Summer",252,3.74052268726577
"4_812","'0007B12103",56.3,128,"Summer",252,4.03069453514564
"4_812","'0007ABA10E",69.26,407,"Summer",252,4.23786753897428
"4_812","'00079A1B9A",47.39,522,"Summer",252,3.8584112359795
"4_812","'00079A6412",67.64,487,"Summer",252,4.21419952403038
"4_812","'0007B0FEE6",30.98,319,"Summer",252,3.43334183498872
"4_812","'0007B11D82",52.04,319,"Summer",252,3.9520126536443
"4_812","'0007ABE022",60.99,461,"Summer",252,4.11070991630837
"4_812","'0007B0FE51",54.68,175,"Summer",252,4.00149801185575
"4_812","'0007B0D042",42.93,166,"Summer",252,3.75957088223647
"4_812","'0007B0FEB7",40.91,180,"Summer",252,3.71137453194131
"4_812","'00079A8C6E",69.46,532,"Summer",252,4.24075104731593
"4_812","'0007B122B0",79.99,171,"Summer",252,4.38190162686073
"4_812","'0007B04894",36.45,171,"Summer",252,3.59594145845467
"4_812","'0007B11F12",25.11,176,"Summer",252,3.22326617316949
"4_812","'0007B0FD73",28.96,176,"Summer",252,3.36591556751752
"4_812","'0007B1206B",44.35,177,"Summer",252,3.79211270875559
"4_812","'0007B04B55",43.74,153,"Summer",252,3.77826301524862
"4_812","'0007B048F7",57.31,158,"Summer",252,4.04847512856365
"4_812","'0007B0CF7F",36.65,151,"Summer",252,3.60141342833266
"4_812","'0007B12005",29.77,313,"Summer",252,3.39350117502768
"4_812","'0007B0FDEB",62.37,155,"Summer",252,4.13308439053803
"4_812","'0007B04AB1",43.13,151,"Summer",252,3.76421881065975
"4_812","'0007B04DF5",45.36,170,"Summer",252,3.8146306594195
"4_812","'0007B1227C",38.48,149,"Summer",252,3.65013862579751
"4_812","'0007B048F5",54.47,150,"Summer",252,3.99765009139558
"4_812","'0007B11F77",46.58,151,"Summer",252,3.8411712644562
"4_812","'0007B0FEE1",92.75,314,"Summer",252,4.52990770148754
"4_812","'0007B0064E",55.49,512,"Summer",252,4.01620282433781
"4_812","'0007B12259",34.43,156,"Summer",252,3.53892827735043
"4_812","'00079CDA08",47.59,159,"Summer",252,3.86262265513302
"4_812","'0007B0CFAB",57.92,151,"Summer",252,4.05906274807746
"4_812","'0007B0FEE3",66.02,180,"Summer",252,4.18995772642505
"4_812","'0007B11AC4",53.66,156,"Summer",252,3.98266784499748
"4_812","'0007B11E42",40.91,156,"Summer",252,3.71137453194131
"4_812","'0007B0D1FE",78.17,217,"Summer",252,4.35888594223224
"4_812","'0007B047DD",70.67,175,"Summer",252,4.25802115470276
"4_812","'0007B12310",60.95,325,"Summer",252,4.11005385592728
"4_812","'00079A964B",67.43,497,"Summer",252,4.21109002274649
"4_812","'0007B0CE53",59.13,168,"Autumn",252,4.07973840983274
"4_812","'0007B8EE01",39.49,343,"Autumn",252,3.67604747529856
"4_812","'0007B11C10",60.95,200,"Autumn",252,4.11005385592728
"4_812","'0007B0D32F",58.73,182,"Autumn",252,4.07295066953443
"4_812","'0007B82FF6",32.6,166,"Autumn",252,3.48431228837266
"5_986","'0007B8CF97",52.52,145,"Winter",286,3.9611940494346
"5_986","'0007B11D82",64.77,553,"Spring",315,4.17084253319483
"5_986","'0007BADD0A",43.18,190,"Winter",286,3.76537742508666
"5_986","'0007BAB067",51.27,112,"Summer",315,3.93710578579561
"5_986","'0007B04AFA",49.13,268,"Summer",315,3.89446984618056
"5_986","'0007B1011C",38.95,147,"Winter",286,3.66227877231676
"5_986","'0007B9617A",40.04,120,"Summer",315,3.68987895444702
"5_986","'0007BA9BED",48.15,106,"Summer",315,3.87432113824413
"5_986","'0007B0D33A",28.14,118,"Winter",286,3.33719205168624
"5_986","'0007B82412",29.33,106,"Summer",315,3.37861088298936
"5_986","'0007BA9509",31.09,97,"Summer",315,3.43688622407066
"5_986","'0007B84C5C",37.49,93,"Summer",315,3.62407423074782
"5_986","'0007BAE768",34.23,118,"Winter",286,3.53310245254209
"5_986","'0007B824FC",46.28,91,"Summer",315,3.83470990232548
"5_986","'0007BAAEA0",51.44,293,"Summer",315,3.94041607992936
"5_986","'0007BAC082",55.67,344,"Summer",315,4.01944140219542
"5_986","'0007B0D09B",64.38,329,"Winter",286,4.16480302587066
"5_986","'0007B95A4A",40.5,96,"Summer",315,3.70130197411249
"5_986","'0007BAD96F",44.27,123,"Summer",315,3.79030724674405
"5_986","'0007B8CDCB",41.43,106,"Summer",315,3.72400525608931
"5_986","'0007B9AD8A",37.18,120,"Summer",315,3.6157709822933
"5_986","'0007B0FF90",45.58,164,"Winter",286,3.81946902381754
"5_986","'0007B8D2E2",35.56,106,"Summer",315,3.5712214106457
"5_986","'0007B10040",57.45,496,"Winter",286,4.05091500429476
"5_986","'0007B82928",36.76,106,"Summer",315,3.60441029748749
"5_986","'0007BA961B",39.49,105,"Summer",315,3.67604747529856
"5_986","'0007B84AD4",30.76,105,"Summer",315,3.42621514463744
"5_986","'0007B0CF7F",51.16,323,"Winter",286,3.93495797671064
"5_986","'0007BA9632",39.06,91,"Summer",315,3.66509892544853
"5_986","'0007B9623F",62.02,91,"Summer",315,4.1274569136723
"5_986","'0007B11CCA",61.69,444,"Summer",315,4.12212184322155
"5_986","'0007AFE6D8",50.6,190,"Winter",286,3.92395157629342
"5_986","'0007B8300B",65.19,123,"Summer",315,4.17730608293645
"5_986","'0007BAB223",46.33,123,"Summer",315,3.83578969942856
"5_986","'0007B8D170",42.68,111,"Summer",315,3.75373042643355
"5_986","'0007BA980B",70.11,123,"Summer",315,4.25006543721888
"5_986","'0007BA97C8",27.12,120,"Summer",315,3.3002714630722
"5_986","'0007BAC6DB",33.91,123,"Summer",315,3.52370995613755
"5_986","'00079C4C40",61.71,146,"Winter",286,4.12244599233298
"5_986","'0007BAB041",41.74,125,"Winter",286,3.73145990164905
"5_986","'0007BAAF5C",45.73,151,"Winter",286,3.82275453766996
"5_986","'0007B8D41D",47.43,194,"Winter",286,3.85925493988949
"5_986","'0007B11C19",56.62,150,"Winter",286,4.03636227968375
"5_986","'0007BAB4E5",40.99,186,"Winter",286,3.71332813451625
"5_986","'0007B10207",40.36,214,"Winter",286,3.69783919548541
"5_986","'0007B0491A",35.01,165,"Winter",286,3.55563373496657
"5_986","'0007B11D3D",42.61,165,"Winter",286,3.75208896751182
"5_986","'0007B0494E",49.21,163,"Winter",286,3.89609685487789
"5_986","'0007B8F1F4",31.82,125,"Winter",286,3.46009502290964
"5_986","'0007BAB5B2",57.08,150,"Winter",286,4.04445379260864
"5_986","'0007BAB19C",45.94,182,"Winter",286,3.82733619726095
"5_986","'0007B8CF13",35.52,194,"Winter",286,3.57009591812397
"5_986","'0007B11FF1",33.59,164,"Winter",286,3.5142284036242
"5_986","'0007B1225A",29.36,193,"Winter",286,3.37963320374631
"5_986","'0007B11FBF",47.23,152,"Winter",286,3.85502928390803
"5_986","'0007B82FF6",47.16,312,"Winter",286,3.85354607566917
"5_986","'0007B11AB4",41.72,152,"Winter",286,3.73098063013257
"5_986","'0007B8EE01",81.49,489,"Winter",286,4.40048031333213
"5_986","'0007B1221E",41.25,307,"Winter",286,3.71965111278069
"5_986","'0007B9B114",42.39,207,"Winter",286,3.74691248536455
"5_986","'0007B9B454",34.22,186,"Winter",286,3.53281026846405
"5_986","'0007B04AFA",31.77,147,"Winter",286,3.45852244828142
"5_986","'0007B11D80",30.59,328,"Winter",286,3.42067315816281
"5_986","'0007B8D0AF",34.82,167,"Winter",286,3.55019193434004
"5_986","'0007B122C4",33.92,386,"Spring",315,3.5240048109237
"5_986","'0007B0494B",30.27,193,"Winter",286,3.41015712303363
"5_986","'0007B1227C",43.92,383,"Spring",315,3.78236979720128
"5_986","'0007B1221E",46.51,369,"Spring",315,3.83966734323601
"5_986","'0007B0D32F",33.56,390,"Spring",315,3.513334881599
"5_986","'0007B11CCA",71.46,385,"Spring",315,4.26913785259526
"5_986","'0007B048F7",82.12,392,"Spring",315,4.40818159215073
"5_986","'0007BABEC4",37.73,191,"Spring",315,3.63045553397622
"5_986","'0007B11E5C",43.36,139,"Winter",286,3.76953735713139
"5_986","'0007B04DF5",44.16,404,"Spring",315,3.78781940196884
"5_986","'0007B0FDEB",47.55,389,"Spring",315,3.8617817889914
"5_986","'0007AFE561",39.95,198,"Winter",286,3.68762867221228
"5_986","'00079CDA08",54.56,393,"Spring",315,3.99930101353521
"5_986","'0007B11F77",55.66,385,"Spring",315,4.01926175609774
"5_986","'0007B048F5",85.65,384,"Spring",315,4.45026922477013
"5_986","'0007B1225E",47.85,402,"Spring",315,3.86807111789896
"5_986","'0007B122B0",52.42,405,"Spring",315,3.95928819789526
"5_986","'0007B0FBD7",59.83,390,"Spring",315,4.09150720740194
"5_986","'0007B11B69",52.92,378,"Spring",315,3.96878133924676
"5_986","'0007B0FD8C",61.04,552,"Spring",315,4.1115293869762
"6_1044","'0007AFE653",71.28,366,"Summer",447,4.26661578316255
"6_1044","'0007B83BF5",50.22,152,"Summer",447,3.91641335372944
"6_1044","'0007BAC137",73.91,203,"Summer",447,4.3028481367968
"6_1044","'0007BA967E",37.67,156,"Summer",447,3.62886402170395
"6_1044","'0007B8D170",56.7,186,"Summer",447,4.03777421073371
"6_1044","'0007B8D233",49.61,96,"Summer",447,3.90419242631296
"6_1044","'0007BA9DDB",38.68,116,"Summer",447,3.65532267058509
"6_1044","'0007BACD5A",47.18,152,"Summer",447,3.85397007397953
"6_1044","'0007B84E57",46.78,184,"Summer",447,3.84545576115603
"6_1044","'0007B823B7",34.02,116,"Summer",447,3.52694858696772
"6_1044","'0007B9B5D2",36.25,118,"Summer",447,3.59043938130068
"6_1044","'0007BA981E",41.31,885,"Summer",447,3.72110460140867
"6_1044","'0007BAB4C0",52.45,98,"Summer",447,3.95986033484231
"6_1044","'0007BAF08B",39.89,181,"Summer",447,3.68612566591732
"6_1044","'0007B9B593",39.89,99,"Summer",447,3.68612566591732
"6_1044","'0007B83DA9",31.19,118,"Summer",447,3.44009753061971
"6_1044","'0007B0D059",103.07,366,"Summer",447,4.6354083690487
"6_1044","'0007B84C5C",39.89,168,"Summer",447,3.68612566591732
"6_1044","'0007B95EB0",57.71,102,"Summer",447,4.05543046872288
"6_1044","'0007BAC046",41.72,352,"Summer",447,3.73098063013257
"6_1044","'0007B82928",58.52,181,"Summer",447,4.06936857615192
"6_1044","'0007BAC202",47.99,389,"Summer",447,3.87099265587015
"6_1044","'0007B11E8A",41.31,407,"Summer",447,3.72110460140867
"6_1044","'0007B8F200",43.94,183,"Summer",447,3.78282506695646
"6_1044","'0007BAB1B2",35.03,156,"Summer",447,3.5562048372094
"6_1044","'0007BADA51",30.58,109,"Summer",447,3.42034620050092
"6_1044","'0007BA951C",40.7,104,"Summer",447,3.70622809244855
"6_1044","'0007BA99D1",71.48,885,"Summer",447,4.26941769029123
"6_1044","'0007B9B532",37.26,97,"Summer",447,3.61792036517344
"6_1044","'0007BAC123",38.27,138,"Summer",447,3.64466629943761
"6_1044","'0007BAC661",43.94,123,"Summer",447,3.78282506695646
"6_1044","'0007BA983F",40.1,122,"Summer",447,3.69137633431252
"6_1044","'0007BAAFA7",38.88,159,"Summer",447,3.66047997959224
"6_1044","'0007BA9B57",79.18,356,"Summer",447,4.37172374167799
"6_1044","'0007BAA7A3",56.7,400,"Summer",447,4.03777421073371
"6_1044","'0007B8242A",37.87,153,"Summer",447,3.6341592419137
"6_1044","'0007BAE768",60.75,314,"Summer",447,4.10676708222066
"6_1044","'0007BADBDC",38.07,142,"Summer",447,3.63942657039441
"6_1044","'0007B95BC4",58.52,116,"Summer",447,4.06936857615192
"6_1044","'0007B9B3D9",40.5,138,"Summer",447,3.70130197411249
"6_1044","'0007BAB321",43.54,152,"Summer",447,3.7736800558064
"6_1044","'0007BAC6E7",27.14,152,"Summer",447,3.30100865440672
"6_1044","'0007BAC67E",32.6,138,"Summer",447,3.48431228837266
"6_1044","'0007B82787",32,160,"Summer",447,3.46573590279973
"6_1044","'0007B85122",44.35,157,"Summer",447,3.79211270875559
"6_1044","'0007B8299C",56.5,144,"Summer",447,4.0342406381524
"6_1044","'0007B9AD28",57.71,122,"Summer",447,4.05543046872288
"6_1044","'0007BAC099",30.78,142,"Summer",447,3.42686512841073
"6_1044","'0007BAF312",43.94,128,"Summer",447,3.78282506695646
"6_1044","'0007B1219C",93.56,432,"Summer",447,4.53860294171598
"6_1044","'0007B82412",38.48,183,"Summer",447,3.65013862579751
"6_1044","'0007B82D4C",69.26,401,"Summer",447,4.23786753897428
"6_1044","'0007B0D089",90.52,530,"Summer",447,4.50557082076534
"6_1044","'0007BAC273",55.69,392,"Summer",447,4.01980059760158
"6_1044","'0007BAAF5C",60.75,350,"Summer",447,4.10676708222066
"6_1044","'0007B8D1B0",74.72,332,"Summer",447,4.31374779392059
"6_1044","'0007BAD685",67.03,355,"Summer",447,4.20514028036987
"6_1044","'0007BAA9A5",99.63,351,"Summer",447,4.60146332405677
"6_1044","'0007BAC4B6",68.04,194,"Summer",447,4.22009576752766
"6_1044","'0007BADD5F",54.07,197,"Summer",447,3.99027950339391
"6_1044","'0007BAC57F",36.05,199,"Summer",447,3.58490686373096
"6_1044","'0007B82633",77.96,152,"Summer",447,4.35619587463936
"6_1044","'0007BADD19",76.14,167,"Autumn",447,4.33257375095435
"6_1044","'0007BADADB",80.8,332,"Autumn",447,4.39197696552705
"6_1044","'0007BAC0E3",60.95,188,"Autumn",447,4.11005385592728
"6_1044","'0007B83C1E",34.22,238,"Autumn",417,3.53281026846405
"6_1044","'0007AFEC28",36.25,228,"Autumn",417,3.59043938130068
"6_1044","'0007B8F200",30.58,261,"Autumn",417,3.42034620050092
"6_1044","'0007BAD870",41.51,272,"Autumn",417,3.72593436206495
"6_1044","'0007BA9B0E",55.08,230,"Autumn",417,4.00878667386045
"6_1044","'00079D74D7",41.51,446,"Autumn",417,3.72593436206495
"6_1044","'0007BADA4C",25.52,229,"Autumn",417,3.23946245847659
"6_1044","'0007BAD82D",56.3,259,"Autumn",417,4.03069453514564
"6_1044","'0007BABF8A",38.27,188,"Autumn",417,3.64466629943761
"6_1044","'0007B8D042",23.9,271,"Autumn",417,3.17387845893747
"6_1044","'0007B832E6",69.26,232,"Autumn",417,4.23786753897428
"6_1044","'0007B8F01B",33.21,216,"Autumn",417,3.50285103538866
"6_1044","'0007BA981F",44.15,216,"Autumn",417,3.78759292704997
"6_1044","'0007BAB1B2",24.1,234,"Autumn",417,3.18221184049661
"6_1044","'0007BAC5AA",34.02,192,"Autumn",417,3.52694858696772
"6_1044","'0007BAC407",51.03,438,"Autumn",417,3.93241369507588
"6_1044","'0007B8CF54",41.92,201,"Autumn",417,3.73576304001279
"6_1044","'0007B9AD8A",41.11,273,"Autumn",417,3.71625140090979
"6_1044","'0007B9ADA0",80.8,470,"Autumn",417,4.39197696552705
"6_1044","'0007B82DEB",36.65,278,"Autumn",417,3.60141342833266
"6_1044","'0007B8242A",42.12,231,"Autumn",417,3.74052268726577
"6_1044","'0007B9AB57",63.38,434,"Autumn",417,4.14914835426277
"6_1044","'0007B8D2E2",58.93,259,"Autumn",417,4.07635029884982
"6_1044","'0007B9B674",68.24,263,"Autumn",417,4.22303090318342
"6_1044","'0007B84AD4",48.2,258,"Autumn",417,3.87535902105655
"6_1044","'0007BA961B",75.94,258,"Autumn",417,4.32994355480366
"6_1044","'0007BAC2EB",36.86,121,"Autumn",417,3.60712695224168
"6_1044","'0007BAD93A",43.54,288,"Autumn",417,3.7736800558064
"6_1044","'0007BA9487",46.37,240,"Autumn",417,3.83665269840337
"6_1044","'0007BABEC4",54.27,403,"Autumn",417,3.99397158807531
"6_1044","'0007BAC202",46.17,467,"Autumn",417,3.8323302365189
"6_1044","'0007BAB2AE",36.86,247,"Autumn",417,3.60712695224168
"6_1044","'0007B8CCBB",36.65,236,"Autumn",417,3.60141342833266
"6_1044","'0007BA9632",31.79,244,"Autumn",417,3.45915177492271
"6_1044","'0007BA94D8",22.68,147,"Autumn",417,3.12148347885955
"6_1044","'0007B0494B",75.13,474,"Autumn",417,4.31921994638107
"6_1044","'0007B84C5C",33.41,253,"Autumn",417,3.50885525636867
"6_1044","'0007BAC790",32,120,"Autumn",447,3.46573590279973
"6_1044","'0007AFEC28",32.81,209,"Autumn",447,3.49073334697301
"6_1044","'0007BA95B2",38.88,263,"Autumn",447,3.66047997959224
"6_1044","'0007BAC005",36.05,271,"Autumn",447,3.58490686373096
"6_1044","'0007BA9E0C",30.58,127,"Autumn",447,3.42034620050092
"6_1044","'0007B9617A",30.17,259,"Autumn",447,3.40684805317097
"6_1044","'0007BA9C2E",38.88,221,"Autumn",447,3.66047997959224
"6_1044","'0007BAB19C",64.6,435,"Autumn",447,4.16821441078856
"6_1044","'0007AFE8B0",63.79,192,"Autumn",447,4.15559643825386
"6_1044","'0007BAF043",31.79,252,"Autumn",417,3.45915177492271
"6_1044","'0007B1227C",48.8,600,"Autumn",417,3.8877303128591
"6_1044","'0007BA9E40",30.17,439,"Autumn",417,3.40684805317097
"6_1044","'0007BADA37",29.77,102,"Autumn",447,3.39350117502768
"6_1044","'0007BAC67E",51.03,216,"Autumn",417,3.93241369507588
"7_1128","'0007BA9BE7",113.04,270,"Spring",371,4.72774173837627
"7_1128","'0007BACA94",56.3,136,"Spring",371,4.03069453514564
"7_1128","'0007BA944C",50.32,101,"Spring",371,3.91840261239218
"7_1128","'0007B11849",35.97,430,"Spring",371,3.58268525770753
"7_1128","'0007BA95F5",47.54,254,"Spring",371,3.86157146193205
"7_1128","'0007BAB13F",53.66,430,"Spring",371,3.98266784499748
"7_1128","'00079D74D7",66,602,"Spring",371,4.18965474202643
"7_1128","'0007B8D233",27.34,330,"Spring",371,3.3083508312958
"7_1128","'0007BAE5C3",63.49,348,"Spring",371,4.15088241318236
"7_1128","'0007BA9487",73.02,410,"Spring",506,4.29073337622749
"7_1128","'0007BAC2BB",35.16,96,"Spring",506,3.55990907281698
"7_1128","'0007BAC5AC",33.52,119,"Spring",506,3.51214227561388
"7_1128","'0007BAD6FE",37.65,1133,"Spring",506,3.6283329542459
"7_1128","'0007BA98A8",46.05,94,"Spring",506,3.82972776270132
"7_1128","'0007B9B2C5",55.92,352,"Spring",506,4.02392209792555
"7_1128","'0007BAC321",37.81,97,"Spring",506,3.63257361790284
"7_1128","'0007BABFC0",54.19,199,"Spring",506,3.99249638957802
"7_1128","'0007B9B532",50.2,345,"Spring",506,3.91601502669768
"7_1128","'0007BAD8EA",23.34,97,"Spring",506,3.15016862685841
"7_1128","'0007BA9781",27.65,455,"Spring",506,3.31962572796834
"7_1128","'0007B8D042",50.73,455,"Spring",506,3.9265174515786
"7_1128","'0007BAD81E",39.28,254,"Spring",506,3.67071548348627
"7_1128","'0007B84B28",15.32,220,"Spring",506,2.72915916431245
"7_1128","'0007BAE423",45.59,314,"Spring",506,3.81968839422535
"7_1128","'0007B82EC8",37.16,419,"Spring",506,3.61523291394564
"7_1128","'0007BA9505",38.94,92,"Spring",506,3.66202199994405
"7_1128","'0007BADDA9",36.97,92,"Spring",506,3.61010677294854
"7_1128","'0007B83AA2",35.22,254,"Spring",506,3.56161410306806
"7_1128","'0007BADAEB",47.69,330,"Spring",506,3.86472173231013
"7_1128","'0007BAF54D",37.8,1147,"Spring",506,3.63230910262554
"7_1128","'0007B9B557",34.82,330,"Spring",506,3.55019193434004
"7_1128","'0007BAE196",25.52,131,"Spring",506,3.23946245847659
"7_1128","'0007B83AC2",43.89,131,"Spring",506,3.78168650370014
"7_1128","'0007B9B58E",48.67,320,"Spring",506,3.88506282384536
"7_1128","'0007B84B8F",40.76,133,"Spring",506,3.70770120835452
"7_1128","'0007B84FDB",34.2,126,"Spring",506,3.53222564406856
"7_1128","'0007B9B390",22.54,126,"Spring",506,3.11529150861163
"7_1128","'0007BAF476",52.65,412,"Spring",506,3.96366623857998
"7_1128","'0007BADA4C",66.89,413,"Spring",506,4.20304947913032
"7_1128","'0007BA9E02",37.96,135,"Spring",506,3.63653297374173
"7_1128","'0007BA958C",44.74,135,"Spring",506,3.80086795606198
"7_1128","'0007BAD69F",39.55,111,"Spring",506,3.67756569421366
"7_1128","'0007BA967E",42.44,418,"Spring",506,3.74809131374578
"7_1128","'0007B82C48",22.12,107,"Spring",506,3.09648217665413
"7_1128","'0007BAB15D",48.46,303,"Spring",506,3.88073871538838
"7_1128","'0007BAC513",39.93,93,"Spring",506,3.68712792107513
"7_1128","'0007B82EF9",50.84,127,"Spring",506,3.92868344632125
"7_1128","'0007BADAA3",35.85,101,"Spring",506,3.57934356704563
"7_1128","'0007BAD67E",40.63,93,"Spring",506,3.70450670999964
"7_1128","'0007B82BFE",34.15,258,"Summer",506,3.5307625860168
"7_1128","'0007BA9859",63.02,436,"Summer",506,4.14345213632913
"7_1128","'0007BAD81E",48.11,310,"Summer",506,3.87349005571136
"7_1128","'0007BAE423",37.89,370,"Summer",506,3.63468722503051
"7_1128","'0007BAE196",25.34,187,"Summer",506,3.23238417489299
"7_1128","'0007B84FCA",31.48,169,"Summer",506,3.4493524235492
"7_1128","'0007BA967E",53.25,474,"Summer",506,3.97499780458953
"7_1128","'0007BA9CF9",31.51,187,"Summer",506,3.45030495576918
"7_1128","'0007B9ADE0",77.32,504,"Summer",506,4.34795265434013
"7_1128","'0007BAD69F",64.46,167,"Summer",506,4.16604487638729
"7_1128","'0007BA9DFC",44.07,376,"Summer",506,3.7857792788539
"7_1128","'0007B839A2",42.46,163,"Summer",506,3.74856245627511
"7_1128","'0007B82C48",24.29,163,"Summer",506,3.19006474301408
"7_1128","'0007B9B650",74.13,359,"Summer",506,4.30582030866863
"7_1128","'0007B82CC1",27.68,109,"Summer",506,3.32071013074947
"7_1128","'0007B82C48",29.03,163,"Summer",506,3.36832977803654
"7_1128","'0007BAE31A",58.73,431,"Summer",506,4.07295066953443
"7_1128","'0007BAE408",60.59,291,"Summer",506,4.1041298629569
"7_1128","'0007BADA6F",33.47,112,"Summer",506,3.51064951522324
"7_1128","'0007B8299C",63.06,462,"Summer",506,4.14408665411692
"7_1128","'0007BADEAD",26.4,150,"Summer",506,3.27336401015227
"7_1128","'0007BAD854",48.8,377,"Summer",506,3.8877303128591
"7_1128","'0007B83512",52.37,157,"Summer",506,3.9583339082914
"7_1128","'0007B9B2EF",34.65,113,"Summer",506,3.54529772563591
"7_1128","'0007BAD67E",29.1,149,"Summer",506,3.37073817417745
"7_1128","'0007BAD8A4",42.77,150,"Summer",506,3.75583692223882
"7_1128","'0007BADCC3",48.12,185,"Summer",506,3.87369789110648
"7_1128","'0007BAC639",34.09,380,"Summer",506,3.52900408614981
"7_1128","'0007BAB321",50.16,470,"Summer",506,3.91521789632467
"7_1128","'0007BAE5B8",28.88,156,"Summer",506,3.36314931402463
"7_1128","'0007BAE0E4",24.64,127,"Summer",506,3.20437113866532
"7_1128","'0007B832E6",60.56,472,"Summer",506,4.10363460912919
"7_1128","'0007B95BFC",57.17,291,"Summer",506,4.04602928527588
"7_1128","'0007BA944C",47.91,302,"Autumn",462,3.86932425089503
"7_1128","'0007BADAA3",57.93,274,"Autumn",462,4.05923538510853
"7_1128","'0007BAB35E",41,133,"Autumn",462,3.71357206670431
"7_1128","'0007BAF5CB",39,502,"Autumn",462,3.66356164612965
"7_1128","'0007BAF032",41.41,306,"Autumn",462,3.72352239755748
"7_1128","'0007B9ABE5",41.6,224,"Autumn",462,3.72810016726722
"7_1128","'0007B839BE",62.28,210,"Autumn",462,4.1316403469658
"7_1128","'0007BAC478",49.72,214,"Autumn",462,3.90640726664251
"7_1128","'0007AFEA06",35.47,92,"Autumn",462,3.56868726878553
"7_1128","'0007BAEF27",55.62,300,"Autumn",462,4.01854284880582
"7_1128","'0007B83314",57.39,304,"Autumn",462,4.04987007212027
"7_1128","'0007BA9E02",48.62,308,"Autumn",462,3.88403496888798
"7_1128","'0007B9B10C",36.12,185,"Autumn",462,3.58684672854878
"7_1128","'00079DE31F",48.51,168,"Autumn",462,3.88176996225713
"7_1128","'0007BAB321",42.97,587,"Autumn",462,3.7605021977869
"7_1128","'0007BAB69A",31.66,117,"Autumn",462,3.45505405445287
"7_1128","'0007BAB4F5",50.8,136,"Autumn",462,3.92789635458444
"7_1128","'0007B8D2DF",48.89,155,"Autumn",462,3.88957287659055
"7_1128","'0007AFEF01",35.72,1320,"Autumn",462,3.5757107560083
"7_1128","'0007BA9E40",54.35,789,"Autumn",462,3.99544461356722
"7_1128","'0007BACBA9",43.63,482,"Autumn",462,3.77574498713552
"7_1128","'0007B8295F",48.48,427,"Autumn",462,3.88115134176106
"7_1128","'0007BAD6B5",22.93,114,"Autumn",462,3.13244609686981
"7_1128","'0007B8EEE2",65.05,202,"Autumn",462,4.17515620495851
"7_1128","'0007BA95E6",78.33,237,"Autumn",462,4.36093067137915
"7_1128","'0007BAB44B",48.55,119,"Autumn",462,3.88259419473733
"7_1128","'0007B8EC73",41.7,500,"Autumn",462,3.73050112880476
"7_1128","'0007BAC2BB",40.99,283,"Autumn",462,3.71332813451625
"7_1128","'0007BAB3CD",55.22,219,"Autumn",462,4.01132520650201
"7_1128","'0007BABFC0",55.82,386,"Autumn",462,4.02213222810818
"7_1128","'0007BAC67E",39.77,573,"Autumn",462,3.6831128592196
"7_1128","'0007BADDB9",43.85,174,"Autumn",462,3.78077471881819
"7_1128","'0007B8F16D",43.8,140,"Autumn",462,3.7796338173824
"7_1128","'0007BAD65B",50.75,347,"Autumn",462,3.9269116179219
"7_1128","'0007B9B2C5",56.17,539,"Autumn",462,4.02838280654434
"7_1128","'0007B83418",47.87,473,"Autumn",462,3.86848900340442
"7_1128","'0007BAB2AE",79.94,604,"Autumn",462,4.38127635328318
"7_1128","'0007B83572",58.15,216,"Autumn",462,4.06302587896467
"7_1128","'0007BAE32C",42.73,238,"Autumn",462,3.75490124965593
"7_1128","'0007B95362",40.12,92,"Autumn",462,3.69187496309373
"7_1128","'0007B830CC",47.99,157,"Summer",506,3.87099265587015
"7_1128","'0007BAC57A",66.8,384,"Summer",506,4.2017030805426
"8_1144","'0007B8373B",37.86,277,"Autumn",462,3.63389514578118
"8_1144","'0007B8F12A",37.2,194,"Autumn",462,3.6163087612791
"8_1144","'0007B8CF54",69.67,584,"Autumn",462,4.24376980904203
"8_1144","'0007BAAF9D",42.45,145,"Autumn",462,3.74832691275736
"8_1144","'0007BAB1E9",41.68,143,"Autumn",462,3.73002139744511
"8_1144","'0007AFE54A",61.07,144,"Autumn",462,4.11202074723504
"8_1144","'0007BAB3FD",36.93,139,"Autumn",462,3.60902422886447
"8_1144","'0007BAB263",43.02,434,"Autumn",462,3.76166512383958
"8_1144","'0007B8EC82",40.06,145,"Autumn",462,3.69037833023767
"8_1144","'0007BA956D",49.43,272,"Autumn",462,3.90055752731887
"8_1144","'P000140718",41.8,144,"Autumn",462,3.73289633953071
"8_1144","'0007B8F065",36.5,296,"Winter",462,3.59731226058845
"8_1144","'0007BAE515",37.38,303,"Winter",462,3.62113580202742
"8_1144","'0007B8F260",51.79,144,"Winter",462,3.9471970804358
"8_1144","'0007B8349B",49.08,251,"Winter",462,3.89345161984271
"8_1144","'0007BADA10",52.91,294,"Winter",462,3.96859235691604
"8_1144","'0007BAC6E7",70.96,616,"Winter",462,4.26211633800132
"8_1144","'0007B85039",56.44,552,"Winter",462,4.03317812698461
"8_1144","'0007BAE293",34.11,280,"Winter",462,3.52959059643055
"8_1144","'0007BAE11D",24.24,273,"Winter",462,3.18800416120111
"8_1144","'0007BADEDD",46.78,280,"Winter",462,3.84545576115603
"8_1144","'0007BE412B",47.75,170,"Winter",462,3.86597906692674
"8_1144","'0007B83790",51.99,552,"Winter",462,3.95105139239562
"8_1144","'0007BADE41",48.27,296,"Winter",462,3.8768102496724
"8_1144","'0007BAD903",45.83,296,"Winter",462,3.82493889852103
"8_1144","'0007B83483",30.29,320,"Winter",462,3.41081762503915
"8_1144","'0007BAC5AA",75.81,578,"Winter",462,4.32823021006821
