"agd_tail","predicted","std.error","conf.low","conf.high","group"
-1.53,1.36074684807713,0.0783384869918307,1.0063716496344,1.82452109413735,"1"
-1.439,1.38106252413466,0.0741905150821183,1.03825563309464,1.82328403295264,"1"
-1.387,1.39280697116248,0.0718327953171594,1.05686197975302,1.82264492862054,"1"
-1.32,1.40808616813139,0.0688102831327587,1.08124955444415,1.82190671899262,"1"
-1.278,1.41774927280319,0.0669253248107912,1.09677381192909,1.82149936352197,"1"
-1.268,1.42005974052172,0.0664777218728963,1.10049677379278,1.82140927005402,"1"
-1.25,1.42422804725338,0.0656732517962178,1.10722387578907,1.82125416066415,"1"
-1.241,1.42631677314179,0.0652716175075473,1.11059981730149,1.82118010998288,"1"
-1.23,1.428873808566,0.0647812892835297,1.11473715081011,1.8210928725438,"1"
-1.209,1.43376812066058,0.063846961741627,1.12266972774959,1.82093664459774,"1"
-1.208,1.43400159962347,0.063802528685378,1.12304858004199,1.82092955187978,"1"
-1.199,1.43610461693161,0.0634028766658332,1.12646277907829,1.82086717124229,"1"
-1.169,1.44313690892187,0.0620739858321401,1.13790204182638,1.82067875576709,"1"
-1.168,1.44337190904124,0.0620297789299592,1.13828489562356,1.82067300934975,"1"
-1.153,1.4469014929195,0.0613673909438905,1.14403959112844,1.82059110432958,"1"
-1.138,1.4504396825953,0.0607063748478392,1.14981647734011,1.82051745137165,"1"
-1.13,1.45233024312441,0.0603544094482558,1.15290650387405,1.82048165006948,"1"
-1.129,1.45256673588308,0.0603104424665231,1.15329319669122,1.82047734850578,"1"
-1.12,1.45469689931411,0.0599150303529719,1.15677781357003,1.82044039627791,"1"
-1.099,1.45967940113275,0.0589944840900444,1.16493908612431,1.82036682779201,"1"
-1.072,1.466110485264,0.0578153925581081,1.17549419810556,1.82029953326118,"1"
-1.071,1.46634921534238,0.0577718226093571,1.17588645484304,1.82029765501365,"1"
-1.068,1.46706563815624,0.0576411566728458,1.17706378962568,1.8202922903617,"1"
-1.05,1.47137150997146,0.0568585675038409,1.18414548751769,1.82026876983838,"1"
-1.048,1.47185071732007,0.0567717646040325,1.18493420392761,1.82026709159328,"1"
-1.039,1.47400907683844,0.0563815347705297,1.18848799903431,1.82026191136548,"1"
-1.038,1.47424908927958,0.0563382149662967,1.18888332538952,1.82026157782007,"1"
-1.03,1.47617059213221,0.0559919417260516,1.19204923320064,1.82026067899001,"1"
-1.029,1.47641095549887,0.0559486934960199,1.19244538261285,1.82026078972088,"1"
-1.026,1.47713227976385,0.0558189971513778,1.1936343768391,1.8202614224178,"1"
-1.02,1.47857598260481,0.0555598237090692,1.19601481487767,1.82026405170389,"1"
-1.009,1.48122642612818,0.0550854435451661,1.20038738185503,1.82027367694431,"1"
-1.008,1.4814676103115,0.0550423682591444,1.20078542585333,1.82027486509849,"1"
-1.001,1.48315699632141,0.0547410789483348,1.20357422843341,1.82028466754204,"1"
-0.999,1.48364003074801,0.0546550732905249,1.20437182829325,1.82028794981722,"1"
-0.996,1.4843648765028,0.0545261295799063,1.20556889126873,1.82029327872349,"1"
-0.993,1.4850900753478,0.0543972640919251,1.2067667478304,1.82029909760347,"1"
-0.992,1.48533188679026,0.0543543264082437,1.2071662092642,1.82030114677518,"1"
-0.99,1.48581562745448,0.0542684773838216,1.20796539543128,1.82030541029319,"1"
-0.976,1.48920621323277,0.0536685310457373,1.2135694667701,1.82034151347712,"1"
-0.972,1.49017636820217,0.0534974433495171,1.2151737459112,1.82035387571893,"1"
-0.971,1.49041900539088,0.0534546943765617,1.2155750304675,1.82035711080628,"1"
-0.969,1.49090439794854,0.0533692241264122,1.21637785657672,1.82036375547835,"1"
-0.968,1.49114715333025,0.053326502893608,1.21677939791965,1.82036716536925,"1"
-0.962,1.49260451346255,0.0530703713973452,1.21919043532687,1.82038886020207,"1"
-0.959,1.49333372600004,0.0529424326006273,1.22039709948807,1.820400508867,"1"
-0.951,1.49528002982108,0.0526016819457694,1.2236185765921,1.8204342228145,"1"
-0.95,1.49552349556704,0.0525591314314675,1.22402163824166,1.82043871104819,"1"
-0.948,1.49601054564149,0.0524740595389094,1.2248280116337,1.82044787195578,"1"
-0.942,1.49747264498594,0.0522190786579073,1.22724912423412,1.82047684200598,"1"
-0.939,1.49820422885567,0.0520917214756749,1.22846079547976,1.82049217184506,"1"
-0.938,1.49844816932865,0.0520492889846292,1.22886485028181,1.82049740806271,"1"
-0.93,1.50040111933068,0.0517101908375313,1.2321002302616,1.82054159508184,"1"
-0.929,1.5006454164544,0.0516678491628002,1.23250501861687,1.82054740818596,"1"
-0.927,1.50113412968806,0.0515831964836587,1.2333148378678,1.82055922944551,"1"
-0.918,1.50333530378355,0.0512027705053558,1.23696300132169,1.82061567820277,"1"
-0.914,1.50431463609851,0.0510339640724379,1.23858647938361,1.82064249833161,"1"
-0.913,1.50455956855197,0.0509917888998074,1.23899254660864,1.82064937198148,"1"
-0.911,1.50504955275359,0.0509074704612568,1.23980491737719,1.82066332289783,"1"
-0.909,1.50553969605771,0.0508231947414255,1.24061760234008,1.82067754652632,"1"
-0.893,1.50946657636435,0.0501505526770238,1.24713026099425,1.82080133230509,"1"
-0.89,1.51020400253725,0.0500247472325098,1.24835356888463,1.82082655856879,"1"
-0.888,1.51069581953021,0.049940933164457,1.24916948565449,1.82084373661015,"1"
-0.883,1.51192606079467,0.0497315964514721,1.25121059254922,1.82088795509898,"1"
-0.881,1.51241843694902,0.049647941751618,1.25202755814331,1.8209061560367,"1"
-0.88,1.51266468497675,0.0496061316570543,1.25243615237011,1.82091536735441,"1"
-0.874,1.51414301285844,0.0493555145060441,1.25488926805452,1.8209721999517,"1"
-0.872,1.51463610886589,0.0492720688931969,1.25570756014748,1.82099174514559,"1"
-0.871,1.51488271690755,0.0492303637399797,1.25611681552361,1.82100163135935,"1"
-0.869,1.5153760530991,0.04914698888976,1.25693554414015,1.82102163206332,"1"
-0.868,1.51562278126196,0.0491053192529578,1.25734501706057,1.82103174697266,"1"
-0.866,1.51611635775425,0.0490220157071725,1.25816417932078,1.82105220695895,"1"
-0.86,1.5175980490305,0.0487723930884252,1.26062338573387,1.82111544355525,"1"
-0.854,1.51908118409575,0.0485232076819816,1.26308514381824,1.82118150123377,"1"
-0.853,1.51932851374013,0.0484817197611958,1.26349568236497,1.82119278841977,"1"
-0.851,1.51982329348748,0.0483987810441737,1.26431696838058,1.82121560269412,"1"
-0.85,1.52007074360345,0.0483573303116106,1.26472771550499,1.82122713022662,"1"
-0.848,1.52056576435248,0.0482744662583112,1.26554941712052,1.82125042719811,"1"
-0.842,1.52205179120452,0.0480261757159594,1.26801616828263,1.82132226957616,"1"
-0.841,1.52229960308638,0.0479848382862166,1.26842753170499,1.82133453027773,"1"
-0.839,1.52279534754285,0.0479022017167543,1.26925046113433,1.82135929971802,"1"
-0.832,1.524531721098,0.0476133792561592,1.27213282216808,1.8214486215121,"1"
-0.83,1.52502819031664,0.0475309755259529,1.27295695010767,1.82147490082902,"1"
-0.827,1.525773196414,0.0474074684249265,1.27419363325817,1.82151495925105,"1"
-0.823,1.52676710238734,0.0472429775879514,1.27584345313341,1.8215695741984,"1"
-0.821,1.52726429742443,0.0471608122060381,1.27666874918954,1.82159740191203,"1"
-0.813,1.52925469246128,0.0468326908063419,1.27997247107235,1.82171222688999,"1"
-0.811,1.52975269520401,0.0467507969099942,1.28079902801654,1.82174182162146,"1"
-0.809,1.53025085964478,0.0466689581700357,1.28162583232857,1.82177177577613,"1"
-0.806,1.53099840960423,0.0465463041146869,1.28286649903426,1.82181738538725,"1"
-0.804,1.53149697851908,0.0464646045414542,1.28369391459006,1.82184824704321,"1"
-0.799,1.53274410915148,0.0462606020546685,1.28576350676683,1.82192700968087,"1"
-0.797,1.53324324488012,0.046179100422344,1.2865917605152,1.82195916363513,"1"
-0.795,1.53374254267351,0.0460976560203811,1.28742024991571,1.82199169156049,"1"
-0.793,1.53424200258412,0.0460162691526566,1.28824897324029,1.82202459559055,"1"
-0.792,1.53449179334977,0.0459755973896249,1.28866342208029,1.82204118931547,"1"
-0.79,1.53499149653459,0.0458942973972707,1.28949249302047,1.82207466153411,"1"
-0.788,1.53549136196783,0.0458130557073557,1.29032179350358,1.82210851525361,"1"
-0.781,1.53724216944892,0.0455291734283215,1.29322612705863,1.82223003924779,"1"
-0.774,1.53899496737003,0.045246022698532,1.29613317299744,1.82235635857615,"1"
-0.772,1.53949613268271,0.0451652587825153,1.29696424463564,1.82239334414337,"1"
-0.771,1.53974677635639,0.0451248997433157,1.29737986045859,1.82241198741407,"1"
-0.769,1.54024818577135,0.0450442277078836,1.2982112509212,1.82244957637602,"1"
-0.759,1.5427576759107,0.0446417991973365,1.30237131670602,1.82264364575357,"1"
-0.753,1.54426532634449,0.0444010995791738,1.30486977599382,1.82276507274228,"1"
-0.751,1.54476820286413,0.0443209946796588,1.30570298699587,1.82280639382388,"1"
-0.75,1.54501970234899,0.0442809664833169,1.30611966470195,1.82282721426413,"1"
-0.748,1.54552282380178,0.044200958817102,1.30695316322986,1.82286917649492,"1"
-0.747,1.54577444578293,0.0441609794355081,1.30736998353088,1.82289031890912,"1"
-0.742,1.54703316850068,0.0439613288210694,1.30945478489709,1.82299765653598,"1"
-0.733,1.54930144528628,0.043603006345691,1.31321028260874,1.82319779199385,"1"
-0.732,1.5495536806417,0.0435632771033618,1.31362777995375,1.8232205871623,"1"
-0.73,1.55005827419288,0.0434838697937299,1.31446290322461,1.82326651616833,"1"
-0.729,1.5503106324019,0.043444191819965,1.31488052859138,1.82328965066841,"1"
-0.721,1.55233097335138,0.0431273906085682,1.31822302373938,1.823478850768,"1"
-0.713,1.55435393942225,0.0428117135947255,1.32156806719317,1.82367550591418,"1"
-0.711,1.55486009151356,0.0427329729186935,1.32240470861288,1.82372585528243,"1"
-0.709,1.55536640794062,0.0426543044653491,1.32324149746479,1.82377668450536,"1"
-0.708,1.55561962779669,0.0426149974471914,1.3236599464198,1.82380227995043,"1"
-0.701,1.5573933180705,0.0423403609246959,1.32659007834713,1.82398485712092,"1"
-0.699,1.55790045697454,0.0422620596420243,1.32742756755665,1.82403812867015,"1"
-0.697,1.55840776053373,0.0421838330233092,1.32826518934192,1.82409189743209,"1"
-0.693,1.55942286183075,0.0420276054450288,1.32994082044274,1.82420093846255,"1"
-0.692,1.55967674014777,0.0419885958689275,1.33035980707828,1.82422851413075,"1"
-0.69,1.56018462041978,0.0419106338689388,1.33119787271187,1.82428404659593,"1"
-0.683,1.56196350027106,0.0416383725811065,1.33413203772102,1.82448245208868,"1"
-0.681,1.56247212299145,0.0415607584838728,1.33497062683257,1.82454030689471,"1"
-0.68,1.56272649627408,0.0415219808481683,1.33538996241478,1.82456943082928,"1"
-0.676,1.56374440237674,0.0413670676777898,1.33706757029606,1.82468724596036,"1"
-0.674,1.56425360330492,0.0412897302935041,1.33790652875219,1.82474695071325,"1"
-0.672,1.56476296955565,0.0412124729731388,1.33874558651732,1.82480719118663,"1"
-0.671,1.56501771469369,0.0411738744777846,1.33916515176571,1.82483751332511,"1"
-0.669,1.56552732902858,0.0410967381000442,1.34000435323218,1.82489856343084,"1"
-0.668,1.5657821982388,0.0410582003315322,1.3404239887414,1.82492929221231,"1"
-0.662,1.5673122825209,0.0408274032215791,1.3429422661151,1.82511654296793,"1"
-0.66,1.56782264183119,0.0407506358609078,1.34378186010947,1.82518006623916,"1"
-0.657,1.56858849149614,0.040635641124135,1.34504139873025,1.82527639986504,"1"
-0.654,1.5693547141614,0.040520835371701,1.34630110560678,1.82537400212182,"1"
-0.653,1.56961020463675,0.0404826090620502,1.34672104354372,1.82540682011766,"1"
-0.651,1.57012131000808,0.0404062202144833,1.34756097062125,1.82547288455583,"1"
-0.65,1.57037692491749,0.0403680577972429,1.34798095900227,1.82550613186365,"1"
-0.648,1.57088827921736,0.040291797278999,1.34882098353899,1.82557305883155,"1"
-0.641,1.57267932702315,0.0400255672136287,1.35176153048208,1.82581188905639,"1"
-0.639,1.57319142883404,0.0399496983057787,1.35260180558697,1.82588145115182,"1"
-0.633,1.57472873205057,0.0397226239688712,1.35512290013094,1.82609372451749,"1"
-0.632,1.57498509483412,0.0396848565522443,1.35554311758298,1.82612963132087,"1"
-0.63,1.57549794524534,0.0396093894149085,1.35638357884342,1.82620190156825,"1"
-0.629,1.57575443288647,0.0395716898233026,1.35680382182901,1.82623826594165,"1"
-0.627,1.57626753307348,0.0394963589185283,1.35764433044221,1.82631145552327,"1"
-0.623,1.57729423325509,0.0393459720520416,1.35932542655265,1.82645969120405,"1"
-0.621,1.57780783335754,0.0392709171432159,1.36016600731622,1.82653474489134,"1"
-0.62,1.57806469593528,0.0392334245518913,1.36058630438953,1.82657250736932,"1"
-0.618,1.57857854617751,0.0391585094292175,1.36142690977888,1.82664850600163,"1"
-0.614,1.5796067471979,0.0390089613065537,1.36310815344062,1.82680241155804,"1"
-0.613,1.57986390177069,0.038971633446209,1.36352846866932,1.82684128835765,"1"
-0.611,1.58037833614479,0.0388970492070357,1.36436910123195,1.82691952589527,"1"
-0.609,1.58089293753525,0.0388225607342349,1.36520973365224,1.82699841199088,"1"
-0.608,1.58115030087851,0.038785352582679,1.36563004869677,1.82703809949427,"1"
-0.603,1.58243774434548,0.0385996754547142,1.36773159429983,1.82723900167812,"1"
-0.602,1.58269535843634,0.0385626132453249,1.36815189432631,1.82727967859455,"1"
-0.601,1.58295301434213,0.0385255756057938,1.36857219025674,1.8273205221943,"1"
-0.599,1.58346845162561,0.0384515743202554,1.3694127679889,1.82740271149952,"1"
-0.597,1.58398405625004,0.0383776721682599,1.37025332379799,1.82748557372261,"1"
-0.593,1.58501576773842,0.0382301675637289,1.37193435471499,1.82765333357782,"1"
-0.592,1.58527380028326,0.0381933542720436,1.37235459288662,1.82769570064442,"1"
-0.59,1.58578999102766,0.0381198036301061,1.37319504243921,1.82778095100002,"1"
-0.588,1.58630634935687,0.0380463547326914,1.37403545308101,1.82786689320185,"1"
-0.581,1.58811492402272,0.0377900933875257,1.37697652802077,1.82817320132049,"1"
-0.58,1.58837345960685,0.0377535884524466,1.37739662905309,1.82821766660228,"1"
-0.578,1.58889065667403,0.0376806572087621,1.37823678677283,1.82830713288839,"1"
-0.576,1.58940802165172,0.037607831308541,1.3790768820314,1.828397317167,"1"
-0.575,1.58966676712398,0.0375714580536924,1.37949690498033,1.8284426799464,"1"
-0.574,1.58992555459424,0.0375351113649478,1.37991691080134,1.82848822389915,"1"
-0.572,1.59044325555598,0.0374624979950125,1.38075686902544,1.82857985757589,"1"
-0.571,1.59070216906104,0.0374262314690502,1.38117682040675,1.82862594843019,"1"
-0.569,1.59122012215354,0.0373537791250374,1.38201666513936,1.8287186810106,"1"
-0.568,1.59147916175458,0.0373175934636818,1.38243655745758,1.82876532387843,"1"
-0.562,1.59303428255654,0.0371010516193473,1.38495545785239,1.82904908943796,"1"
-0.56,1.59355299277605,0.0370290908679684,1.38579490591253,1.82914518079705,"1"
-0.559,1.59381241103247,0.0369931520778727,1.38621459278801,1.82919351089515,"1"
-0.554,1.59511013405389,0.0368138772292205,1.3883126340921,1.82943802927875,"1"
-0.553,1.59536980505374,0.0367781066518705,1.38873215994007,1.82948751071408,"1"
-0.551,1.59588927350354,0.0367066505478609,1.38957112484683,1.8295870561563,"1"
-0.55,1.59614907096713,0.0366709651869289,1.38999056280261,1.82963712137544,"1"
-0.548,1.59666879240581,0.0365996802634564,1.39082934694644,1.82973783985555,"1"
-0.547,1.59692871639454,0.0365640808681875,1.39124869201947,1.82978849434088,"1"
-0.541,1.59848914652854,0.0363510927369951,1.39376406903176,1.83009659357487,"1"
-0.539,1.59900962767105,0.0362803304439133,1.394602250238,1.83020089772537,"1"
-0.536,1.59979066622695,0.0361744085046773,1.39585924581869,1.830358875382,"1"
-0.535,1.60005109693082,0.0361391606046839,1.39627816836267,1.83041194285716,"1"
-0.533,1.60057208515747,0.0360687544469838,1.39711589596841,1.83051869402912,"1"
-0.532,1.60083264269392,0.0360335963644294,1.39753469985357,1.83057237901237,"1"
-0.53,1.60135388464729,0.0359633706317994,1.39837218483124,1.83068037100536,"1"
-0.529,1.6016145690779,0.0359283031584838,1.39879086473455,1.83073467931427,"1"
-0.527,1.60213606488117,0.0358582594417708,1.39962809638123,1.8308439238208,"1"
-0.526,1.60239687626754,0.0358232833767513,1.40004664692267,1.83089886133039,"1"
-0.521,1.60370156832059,0.0356488645769979,1.40213872258037,1.83117672787485,"1"
-0.518,1.60448489189608,0.0355445857771863,1.4033934043152,1.83134601500294,"1"
-0.514,1.60552991678161,0.0354059870581464,1.4050656210444,1.83157476397896,"1"
-0.513,1.60579127902221,0.0353714165083764,1.40548354743859,1.83163249733541,"1"
-0.511,1.60631413077451,0.0353023710160354,1.40631924246232,1.83174862418906,"1"
-0.509,1.60683715226737,0.0352334536243398,1.40715472289153,1.83186563584073,"1"
-0.508,1.60709872668367,0.0351990432014255,1.40757238103425,1.83192447520309,"1"
-0.504,1.60814544897502,0.0350617255391811,1.40924245141876,1.83216207256178,"1"
-0.502,1.60866906499256,0.0349932624604976,1.41007714020432,1.83228222505729,"1"
-0.501,1.60893093674335,0.0349590801949427,1.41049439570596,1.83234264224261,"1"
-0.499,1.60945480776338,0.0348908146941386,1.41132872563079,1.83246416206196,"1"
-0.497,1.60997884885382,0.0348226818807069,1.41216280969637,1.83258660060435,"1"
-0.496,1.61024093319266,0.0347886654754387,1.41257975786537,1.83264816620209,"1"
-0.493,1.61102744146617,0.0346868174419772,1.41383021886275,1.8328342570229,"1"
-0.492,1.6112896959993,0.0346529354867671,1.41424690910791,1.83289675440847,"1"
-0.49,1.6118143327698,0.0345852732545798,1.41508009039164,1.833022454257,"1"
-0.488,1.61233913985853,0.0345177472575743,1.41591300150726,1.83314909913921,"1"
-0.487,1.61260160728947,0.0344840355974276,1.41632935403354,1.83321277782566,"1"
-0.484,1.61338926521124,0.034383107178165,1.41757799118152,1.83340524783994,"1"
-0.483,1.61365190308447,0.0343495335626553,1.41799406110002,1.83346988500276,"1"
-0.481,1.61417730672125,0.0342824907280016,1.41882598303911,1.8335998846019,"1"
-0.48,1.6144400724986,0.0342490217132148,1.41924183365088,1.83366524855869,"1"
-0.478,1.61496573200571,0.0341821890018131,1.42007331061908,1.83379670860574,"1"
-0.474,1.61601756302285,0.0340489477435391,1.42173534756152,1.83406257877124,"1"
-0.472,1.61654373464334,0.0339825408597624,1.4225658960369,1.83419700128339,"1"
-0.471,1.61680688450574,0.0339493912203441,1.42298105024139,1.83426458712694,"1"
-0.469,1.61733331236941,0.033883200072824,1.42381111493658,1.83440051191645,"1"
-0.468,1.61759659038449,0.033850158776164,1.42422602396106,1.83446885244067,"1"
-0.466,1.61812327461573,0.0337841852678799,1.42505559168015,1.83460629371204,"1"
-0.46,1.61970435341591,0.0335871451264126,1.42754223867212,1.83502475687552,"1"
-0.459,1.61996801626244,0.0335544346232955,1.42795637211004,1.83509540451747,"1"
-0.454,1.62128697253835,0.0333914437224603,1.43002567498147,1.83545256493519,"1"
-0.453,1.62155089225067,0.0333589586335728,1.43043925732931,1.83552478721705,"1"
-0.451,1.62207886018785,0.0332941024305916,1.43126613762507,1.83567002860308,"1"
-0.45,1.62234290842659,0.0332617315387345,1.43167943401844,1.83574304937449,"1"
-0.448,1.622871133479,0.0331971047321454,1.43250573539112,1.83588989526105,"1"
-0.447,1.62313531030655,0.0331648490414639,1.43291873880092,1.83596372205852,"1"
-0.444,1.62392809807782,0.0330683141705341,1.43415715045464,1.83618682801445,"1"
-0.442,1.62445683773522,0.0330041522224565,1.43498225146927,1.83633692846084,"1"
-0.441,1.62472127192772,0.032972129979257,1.4353946475546,1.83641239019191,"1"
-0.439,1.625250269075,0.0329082035260333,1.4362191268634,1.83656414097039,"1"
-0.438,1.62551483204368,0.0328762995455192,1.43663120847214,1.83664043174566,"1"
-0.433,1.62683829111533,0.0327173767214881,1.43869000353686,1.83702607426892,"1"
-0.432,1.62710311182396,0.0326857123852536,1.43910143422266,1.83710404663083,"1"
-0.43,1.62763288219113,0.032622504875821,1.43992396067124,1.83726084226129,"1"
-0.429,1.62789783186358,0.0325909619376086,1.4403350547736,1.8373396673037,"1"
-0.427,1.62842786022101,0.0325279982839395,1.44115690056426,1.83749817629689,"1"
-0.426,1.6286929389199,0.0324965778052951,1.44156765057681,1.83757786203696,"1"
-0.421,1.6300189778945,0.0323400936576169,1.4436196380665,1.83798063919037,"1"
-0.42,1.6302843148342,0.0323089213156202,1.44402967710403,1.83806207065548,"1"
-0.418,1.63081511791409,0.032246702082847,1.44484938987723,1.8382258169168,"1"
-0.417,1.63108058406822,0.0322156554343588,1.44525906189099,1.83830813354881,"1"
-0.416,1.63134609330777,0.0321846509265015,1.44566860983729,1.83839074707658,"1"
-0.414,1.631877241071,0.0321227688205973,1.44648733005528,1.83855686851955,"1"
-0.413,1.63214287960863,0.0320918914672679,1.44689650058445,1.83864037829132,"1"
-0.411,1.63267428603079,0.0320302647739222,1.44771445810746,1.83880830059632,"1"
-0.409,1.63320586496199,0.0319688095872859,1.44853189838565,1.83897743282813,"1"
-0.408,1.63347171913593,0.031938146618478,1.44894042234911,1.83906245501815,"1"
-0.406,1.63400355693536,0.0318769505515169,1.44975707348453,1.83923341627239,"1"
-0.402,1.63506775053603,0.0317550814003762,1.45138876356092,1.8395790329068,"1"
-0.401,1.63533390689398,0.0317247238000528,1.45179634496176,1.83966621225312,"1"
-0.399,1.63586634920813,0.0316641411083548,1.45261109208746,1.83984150790584,"1"
-0.395,1.63693175242516,0.0315435093198251,1.45423889809942,1.84019587419153,"1"
-0.393,1.63746471343993,0.0314834622675114,1.45505194230081,1.84037496042685,"1"
-0.392,1.63773125882337,0.0314535064014291,1.45545824646766,1.84046498275115,"1"
-0.39,1.63826447937732,0.0313937306350255,1.45627041428648,1.84064599074738,"1"
-0.388,1.63879787302739,0.0313341370205764,1.45708198852565,1.8408282898166,"1"
-0.383,1.6401321148157,0.031185956744153,1.45910827784052,1.84128973832489,"1"
-0.381,1.6406661147434,0.031127008892401,1.45991771515545,1.84147661916866,"1"
-0.38,1.64093317970937,0.0310976049782342,1.46032219890903,1.84157055680256,"1"
-0.378,1.6414674396806,0.0310389378365562,1.46113069180652,1.84175943158449,"1"
-0.375,1.64226915484087,0.0309512908390814,1.46234223014584,1.84204525789063,"1"
-0.374,1.64253647997661,0.0309221700321947,1.46274575211045,1.84214120787238,"1"
-0.372,1.64307126041366,0.030864071512667,1.46355230396622,1.8423341258526,"1"
-0.371,1.64333871572902,0.0308350940696395,1.46395533189823,1.84243109592579,"1"
-0.369,1.64387375658849,0.0307772834932268,1.46476088685345,1.84262606344441,"1"
-0.368,1.64414134214666,0.0307484506311601,1.46516341190223,1.84272406297994,"1"
-0.363,1.64547992150282,0.030605016033957,1.46717347314069,1.84321926045195,"1"
-0.362,1.64574776773632,0.0305764760156084,1.46757496559696,1.84331934730098,"1"
-0.36,1.64628359062184,0.0305195439804012,1.46837742268376,1.84352057685165,"1"
-0.359,1.64655156728792,0.0304911522398858,1.46877838529439,1.84362172168919,"1"
-0.357,1.64708765110191,0.0304345180059474,1.46957977358163,1.8438250768473,"1"
-0.354,1.64789210313303,0.0303499418596946,1.470780498397,1.84413278944343,"1"
-0.353,1.64816034085426,0.0303218504239265,1.47118037387916,1.84423607926242,"1"
-0.351,1.64869694690526,0.0302658193127027,1.47197956949105,1.84444374384759,"1"
-0.35,1.64896531524912,0.0302378799184604,1.47237888755615,1.84454812079474,"1"
-0.348,1.64950218260878,0.0301821541577354,1.47317695902462,1.84475796946915,"1"
-0.342,1.65111383057083,0.030016211301812,1.47556658106025,1.84539635300279,"1"
-0.341,1.65138259116315,0.0299887356745647,1.47596417066659,1.84550405068637,"1"
-0.339,1.65192024321014,0.029933941292396,1.47675875689505,1.84572057073002,"1"
-0.338,1.65218913467892,0.0299066228248933,1.47715575139432,1.84582939532968,"1"
-0.335,1.6529960709511,0.0298249840464629,1.4783455276454,1.84615814092802,"1"
-0.333,1.65353424675805,0.0297708234939717,1.47913769507078,1.84637920911397,"1"
-0.332,1.65380340017036,0.029743823242867,1.47953347053762,1.84649031794176,"1"
-0.33,1.65434183804799,0.0296899835186928,1.48032439958419,1.84671369075503,"1"
-0.329,1.65461112252744,0.0296631443374414,1.4807195509988,1.84682595702273,"1"
-0.327,1.65514982260298,0.029609628067929,1.48150922218058,1.84705165500324,"1"
-0.325,1.65568869754782,0.029556328900224,1.48229804389894,1.84727891456815,"1"
-0.323,1.65622774741856,0.0295032480109438,1.48308600740186,1.84750774493861,"1"
-0.321,1.6567669722718,0.0294503865803528,1.48387310390124,1.84773815537219,"1"
-0.32,1.65703665033455,0.029424038531882,1.48426632426853,1.8478539560155,"1"
-0.318,1.65757613776772,0.0293715085101619,1.48505210370674,1.84808675398045,"1"
-0.314,1.65865563806303,0.0292671169341284,1.48662098628266,1.84855716938473,"1"
-0.313,1.65892562264254,0.0292411591746847,1.48701264285638,1.84867578414376,"1"
-0.311,1.65946572325802,0.0291894128652119,1.48779527127643,1.84891423500648,"1"
-0.309,1.66000599919603,0.0291378931694155,1.4885769792252,1.8491543222229,"1"
-0.308,1.6602762029287,0.0291122186778245,1.48896748520193,1.849274982432,"1"
-0.302,1.66189834646314,0.028959376230407,1.49130557764931,1.85000765126099,"1"
-0.301,1.66216885730818,0.028934104653459,1.49169442518957,1.85013122517797,"1"
-0.299,1.66271001071016,0.0288837361508752,1.4924713946574,1.85037963736587,"1"
-0.297,1.66325133977533,0.0288336015330959,1.49324738897765,1.85062974341719,"1"
-0.295,1.66379284456054,0.0287837020222425,1.49402239892644,1.85088155302911,"1"
-0.293,1.66433452512266,0.0287340388431744,1.49479641524932,1.85113507592961,"1"
-0.292,1.66460543133783,0.0287092962615584,1.49518304790081,1.85126248291138,"1"
-0.29,1.66514737567195,0.0286599898825805,1.49595555636718,1.85151859405098,"1"
-0.288,1.66568949592521,0.0286109229090085,1.4967270479412,1.85177644293078,"1"
-0.287,1.66596062203931,0.0285864795847267,1.49711240947051,1.85190602209464,"1"
-0.285,1.66650300627802,0.0285377740334364,1.49788235815204,1.85216649602865,"1"
-0.283,1.66704556657821,0.0284893109765554,1.49865126649497,1.85242873233614,"1"
-0.28,1.66785973726843,0.0284170737805078,1.49980265774564,1.8528254129163,"1"
-0.278,1.66840273797163,0.0283692223876866,1.50056892394052,1.85309209853913,"1"
-0.275,1.66921756953358,0.0282979085174091,1.50171630754217,1.85349549974991,"1"
-0.274,1.66948926821799,0.0282742613758903,1.50209822646447,1.85363087122616,"1"
-0.272,1.67003279787523,0.0282271542523703,1.50286124373207,1.85390297830479,"1"
-0.271,1.67030462886234,0.0282036945829718,1.50324233968554,1.85403971641821,"1"
-0.269,1.67084842318918,0.0281569638111849,1.50400370024126,1.85431456808206,"1"
-0.268,1.67112038654321,0.0281336930220111,1.50438396244294,1.85445268415239,"1"
-0.263,1.67248086550489,0.0280182913160021,1.50628104455237,1.8551502174136,"1"
-0.262,1.67275309378554,0.0279954025218537,1.50665960674913,1.85529112351134,"1"
-0.26,1.67329768289233,0.0279498177381368,1.50741586724219,1.85557434530597,"1"
-0.259,1.67357004373275,0.0279271220632787,1.50779356311397,1.85571666354704,"1"
-0.254,1.67493251109125,0.0278146171589317,1.50967765012706,1.85643537918317,"1"
-0.253,1.6752051372443,0.0277923119754369,1.51005358053766,1.85658055613878,"1"
-0.251,1.67575052228898,0.0277478986677207,1.5108045446066,1.85687235411825,"1"
-0.25,1.67602328119494,0.0277257908591641,1.51117957582015,1.85701897770687,"1"
-0.248,1.67656893180987,0.0276817737220733,1.51192873048598,1.85731368050146,"1"
-0.247,1.67684182353318,0.0276598647093947,1.51230285148757,1.85746176227818,"1"
-0.244,1.6776607644524,0.027594537790435,1.51342337444375,1.85790894457034,"1"
-0.242,1.67820694659463,0.0275513215236849,1.51416884408721,1.85820952645472,"1"
-0.241,1.67848010414608,0.0275298143681226,1.51454111152037,1.85836055937459,"1"
-0.239,1.67902655224549,0.0274870028027226,1.51528470545115,1.858664115629,"1"
-0.238,1.6792998428078,0.0274656987089104,1.51565602948325,1.85881664154947,"1"
-0.235,1.68011998063122,0.0274021950789315,1.51676809503891,1.85927722601423,"1"
-0.233,1.68066696103234,0.0273602014480369,1.5175078709401,1.85958680086498,"1"
-0.232,1.68094051781009,0.0273393077430428,1.51787727484127,1.85974234774218,"1"
-0.23,1.68148776455587,0.0272977273431695,1.51861510835843,1.86005496688825,"1"
-0.229,1.68176145453827,0.027277040963851,1.51898353549847,1.8602120417538,"1"
-0.227,1.68230896775801,0.0272358766349956,1.51971940434842,1.86052772856494,"1"
-0.221,1.68395257397419,0.0271140624303239,1.52191903820689,1.86148717924045,"1"
-0.22,1.68422666395861,0.0270940065377363,1.52228446814279,1.86164890825475,"1"
-0.218,1.68477497737653,0.0270541074312132,1.52301430909787,1.86197393848302,"1"
-0.217,1.68504920082443,0.0270342645311641,1.52337871763469,1.86213724230049,"1"
-0.214,1.68587213821023,0.0269751643250757,1.52446988058703,1.86263032418872,"1"
-0.213,1.6861465397102,0.0269556076096624,1.52483290988091,1.86279574596971,"1"
-0.211,1.68669547631042,0.026916710147017,1.52555792348638,1.86312818906995,"1"
-0.209,1.68724459109238,0.0268781016827991,1.52628153550946,1.86346277356523,"1"
-0.208,1.68751921531952,0.0268589062149231,1.52664281282603,1.86363087208939,"1"
-0.206,1.68806859748219,0.0268207335860574,1.52736430386812,1.86396868819561,"1"
-0.202,1.68916789684295,0.0267452659055485,1.52880299688179,1.86465083304815,"1"
-0.201,1.68944283319093,0.0267265827183255,1.52916176935282,1.86482273364215,"1"
-0.199,1.68999283974676,0.0266894379058729,1.52987822469189,1.86516818117734,"1"
-0.197,1.69054302483054,0.0266525895376661,1.53059321898341,1.86551583249172,"1"
-0.195,1.69109338850004,0.0266160388449351,1.53130674234361,1.86586569795649,"1"
-0.193,1.69164393081303,0.0265797870557082,1.53201878489953,1.86621778793233,"1"
-0.192,1.6919192689789,0.026561773632753,1.53237424779383,1.86639467034645,"1"
-0.19,1.69247007936554,0.0265259724939387,1.53308405065804,1.86675011648923,"1"
-0.188,1.69302106854022,0.0264904733136402,1.53379234809054,1.86710781299096,"1"
-0.184,1.69412358348516,0.0264203856868788,1.53520438737326,1.86782999831328,"1"
-0.181,1.69495093944289,0.0263686216195552,1.53625939211839,1.86837762109219,"1"
-0.18,1.69522681427674,0.0263515204287313,1.53661028723677,1.868561308631,"1"
-0.178,1.69577869825981,0.0263175491932081,1.53731091046516,1.86893041130807,"1"
-0.175,1.69660686013146,0.0262671724422025,1.53835890954849,1.8694884034794,"1"
-0.174,1.69688300369021,0.0262505354802307,1.53870745485349,1.86967556281013,"1"
-0.172,1.69743542525349,0.0262174953767458,1.53940335661676,1.87005163201253,"1"
-0.171,1.69771170327252,0.026201092530085,1.53975071065962,1.87024054442228,"1"
-0.169,1.69826439382163,0.0261685219815868,1.54044421904153,1.87062013119196,"1"
-0.168,1.69854080636621,0.0261523545726024,1.54079037097516,1.87081080808011,"1"
-0.163,1.69992354207967,0.0260727020059763,1.54251506012168,1.87177307795933,"1"
-0.162,1.70020022387129,0.0260570094021291,1.54285877548505,1.87196731781473,"1"
-0.16,1.70075372216153,0.0260258632558651,1.54354497422491,1.87235759341804,"1"
-0.157,1.70158430647338,0.0259797438340594,1.54457117460045,1.87294751524445,"1"
-0.154,1.70241529521146,0.0259343475781352,1.54559362938494,1.87354287696447,"1"
-0.153,1.70269238136391,0.0259193768548464,1.54593360981185,1.87374254550494,"1"
-0.151,1.70324668857206,0.0258896782921982,1.54661230689848,1.8741437119218,"1"
-0.15,1.70352390964232,0.0258749507316145,1.54695102122829,1.87434521225145,"1"
-0.148,1.70407848675159,0.0258457397455234,1.54762717565496,1.87475005326764,"1"
-0.144,1.70518818104892,0.025788298168991,1.54897435522693,1.87556713080572,"1"
-0.142,1.7057432983535,0.0257600697647034,1.54964536198372,1.87597938670448,"1"
-0.141,1.70602092457025,0.0257460791329895,1.54998021560421,1.87618644815321,"1"
-0.139,1.70657631216915,0.0257183456826375,1.55064861764658,1.87660244404138,"1"
-0.138,1.70685407356587,0.0257046031313722,1.55098216380422,1.87681138086878,"1"
-0.135,1.70768762823257,0.0256638737666463,1.55198016930138,1.87744196114855,"1"
-0.133,1.70824355681378,0.025637137415078,1.55264330094739,1.87786550132453,"1"
-0.132,1.70852158876728,0.0256238945991662,1.55297420181986,1.87807822094011,"1"
-0.13,1.70907778803659,0.0255976603356301,1.55363466812165,1.87850556507843,"1"
-0.129,1.70935595536699,0.0255846691457563,1.55396423134419,1.87872019193194,"1"
-0.127,1.7099124254558,0.0255589392899393,1.55462201244131,1.87915136100903,"1"
-0.126,1.71019072822881,0.0255462008783354,1.55495022812984,1.87936790554276,"1"
-0.121,1.71158291967213,0.0254837790175098,1.55658451457363,1.88046027404499,"1"
-0.12,1.71186149352761,0.02547154955637,1.55691000592562,1.88068068488394,"1"
-0.118,1.71241877686387,0.0254473465302619,1.55755961414693,1.88112345274345,"1"
-0.116,1.71297624108262,0.0254234855096575,1.55820738266736,1.88156882298362,"1"
-0.114,1.7135338862424,0.0253999674584087,1.5588533030737,1.88201680451537,"1"
-0.113,1.71381277669346,0.0253883373446828,1.55917556762259,1.88224177728266,"1"
-0.111,1.71437069337454,0.0253653355320947,1.55981870022485,1.88269369231839,"1"
-0.109,1.71492879114304,0.0253426790530124,1.56045996396593,1.88314824063802,"1"
-0.108,1.71520790795338,0.0253314806036498,1.56077989245433,1.88337650499428,"1"
-0.102,1.71688356024232,0.0252661141621979,1.56268955229841,1.88476002154649,"1"
-0.101,1.71716299426337,0.0252555248469749,1.56300616775309,1.88499293929486,"1"
-0.099,1.71772199834823,0.0252346087194552,1.56363796588668,1.88546078281807,"1"
-0.097,1.71828118387236,0.0252140433201769,1.564267847144,1.88593131063488,"1"
-0.096,1.71856084469249,0.0252038924124946,1.56458206652122,1.88616758373244,"1"
-0.095,1.71884055089445,0.025193829508025,1.56489580378162,1.88640453098866,"1"
-0.093,1.71940009947324,0.0251739681299357,1.56552182813369,1.88688045204539,"1"
-0.092,1.71967994186475,0.0251641698650241,1.56583411332862,1.88711942786776,"1"
-0.09,1.72023976288872,0.0251448386994877,1.56645722505191,1.88759941511769,"1"
-0.088,1.72079976561628,0.0251258620319908,1.56707838567317,1.88808212313846,"1"
-0.083,1.72220056777425,0.0250799765359488,1.56862270290368,1.88930084810219,"1"
-0.081,1.72276120692747,0.0250622468579902,1.5692369770703,1.88979314036503,"1"
-0.08,1.72304159473852,0.0250535162274551,1.56954337071904,1.8900403193715,"1"
-0.078,1.72360250686627,0.0250363238512831,1.57015466675956,1.89053674783611,"1"
-0.075,1.72444421643247,0.0250112088782537,1.57106786968098,1.89128658060069,"1"
-0.074,1.72472487735055,0.0250030172067299,1.57137126959113,1.89153791255128,"1"
-0.072,1.7252863358249,0.0249869043754275,1.57197656274446,1.89204266344448,"1"
-0.071,1.72556713339592,0.024978983390144,1.5722784543173,1.89229608418314,"1"
-0.069,1.72612886524247,0.0249634127100382,1.57288072332311,1.89280502069114,"1"
-0.068,1.72640979953276,0.0249557631844824,1.57318109912083,1.89306053822153,"1"
-0.062,1.72809636287713,0.0249117726265949,1.57497268146251,1.8946083878098,"1"
-0.06,1.72865891563667,0.0248978373483601,1.57556579101658,1.89512997496701,"1"
-0.059,1.72894026048305,0.0248910066040625,1.57586157647008,1.8953918292904,"1"
-0.057,1.72950308714592,0.0248776192809841,1.57645160496143,1.8959176635106,"1"
-0.054,1.73034766967635,0.024858224809982,1.57733278054258,1.89671174083723,"1"
-0.053,1.73062928855901,0.0248519433433599,1.57762547157479,1.89697785671746,"1"
-0.051,1.73119266342745,0.024839655864513,1.57820929809405,1.89751222831663,"1"
-0.05,1.73147441942802,0.0248336499885807,1.57850043216946,1.89778048557351,"1"
-0.048,1.73203806859883,0.0248219142972712,1.57908113847168,1.89831914679788,"1"
-0.047,1.73231996178385,0.0248161846124442,1.57937070932615,1.8985895522641,"1"
-0.045,1.73288388539015,0.0248050018835825,1.57994828306062,1.8991325166019,"1"
-0.044,1.73316591582622,0.0247995489642919,1.58023628460811,1.89940507693247,"1"
-0.042,1.73373011400122,0.0247889203205344,1.58081071378263,1.8999523575142,"1"
-0.041,1.73401228175495,0.0247837447149441,1.58109714011751,1.90022707918409,"1"
-0.039,1.73457675463192,0.0247736712261403,1.58166841310303,1.90077868877789,"1"
-0.038,1.73485905976996,0.0247687734558768,1.58195325850237,1.90105557807976,"1"
-0.033,1.73627127275219,0.0247456765152321,1.5833695501584,1.90245089657962,"1"
-0.032,1.73655385285893,0.0247413358730697,1.58365121725958,1.90273213928333,"1"
-0.03,1.73711915064202,0.0247329337323546,1.58421295560129,1.9032968088325,"1"
-0.029,1.73740186833321,0.0247288723286468,1.58449302571583,1.90358023693085,"1"
-0.027,1.73796744135197,0.0247210290839882,1.58505156507052,1.90414928285431,"1"
-0.026,1.73825029669439,0.0247172473317479,1.58533003322731,1.90443490188977,"1"
-0.023,1.73909913814287,0.0247064620660446,1.58616222526569,1.90529615040315,"1"
-0.021,1.7396652620338,0.0246997389529835,1.58671433778375,1.90587398136767,"1"
-0.02,1.73994839287914,0.0246965176316989,1.58698958788425,1.90616399813364,"1"
-0.018,1.74051479240671,0.0246903556425849,1.5875384733304,1.90674623698884,"1"
-0.016,1.74108137576635,0.024684568089836,1.58808520260497,1.90733141986445,"1"
-0.014,1.74164814301754,0.0246791552368815,1.58862977201255,1.9079195509652,"1"
-0.013,1.74193159562106,0.0246765894005479,1.58890124564363,1.90821472338182,"1"
-0.011,1.74249863882114,0.0246717390543807,1.58944256857989,1.90880728444662,"1"
-0.009,1.74306586606155,0.0246672639928224,1.58998172292763,1.90940280373246,"1"
-0.008,1.74334954871548,0.024665167258274,1.59025048585097,1.90970167389751,"1"
-0.006,1.74391705212804,0.0246612555013455,1.59078638120231,1.91030163758517,"1"
-0.002,1.74505261158044,0.0246545594393903,1.59185163922805,1.91151047087343,"1"
-0.001,1.74533661661768,0.0246531204229266,1.59211659061965,1.91181453710701,"1"
0.001,1.74590476495331,0.0246505245078284,1.59264485521537,1.91242490196494,"1"
0.005,1.74704161487788,0.0246464615423443,1.5936948224412,1.91365457224975,"1"
0.007,1.74761031658617,0.0246449946780627,1.59421652007876,1.91427388369276,"1"
0.008,1.74789473665294,0.0246444024327726,1.59447654637154,1.9145846597456,"1"
0.01,1.74846371524901,0.0246435003498246,1.5949949525164,1.91520845422285,"1"
0.012,1.7490328785116,0.0246429748430476,1.59551116164461,1.91583524071842,"1"
0.017,1.75045659497621,0.0246433087124661,1.59679205964307,1.91741531327748,"1"
0.02,1.75131137942232,0.024644638800505,1.59755398967507,1.91837235545932,"1"
0.022,1.75188146691407,0.0246459961906639,1.59805918605663,1.91901413740683,"1"
0.025,1.7527369450928,0.0246487381175865,1.59881284168406,1.91998244583797,"1"
0.026,1.75302219703328,0.0246498402768801,1.59906295587994,1.9203067190028,"1"
0.028,1.75359283978048,0.0246523267968425,1.59956152690195,1.92095752209995,"1"
0.029,1.75387823060219,0.024653711129049,1.59980998347164,1.92128405241744,"1"
0.031,1.75444915117926,0.0246567618587091,1.60030523814481,1.92193937149575,"1"
0.032,1.75473468094961,0.0246584282212656,1.60055203603782,1.92226816059586,"1"
0.037,1.75616302491921,0.0246681692171121,1.60177772754623,1.92392340780471,"1"
0.038,1.75644883278918,0.0246703990970996,1.60202120576074,1.92425671853538,"1"
0.04,1.75702058766517,0.0246751403406808,1.60250650167315,1.92492560223126,"1"
0.041,1.75730653468619,0.0246776516501941,1.60274831929793,1.92526117539871,"1"
0.044,1.75816465417141,0.0246857479829212,1.60347045056719,1.92627242123361,"1"
0.046,1.75873696592176,0.0246916138982079,1.60394910332779,1.92695035779493,"1"
0.047,1.75902319144753,0.024694687265363,1.60418759929767,1.92729045805572,"1"
0.049,1.75959578183778,0.024701114643996,1.60466293051736,1.92797292276028,"1"
0.05,1.7598821467173,0.0247044685824586,1.60489976583002,1.92831528727064,"1"
0.052,1.7604550158827,0.0247114567673238,1.60537177607426,1.92900228071793,"1"
0.053,1.76074152018361,0.0247150909344695,1.60560695111359,1.92934690967665,"1"
0.058,1.76217473917105,0.0247346608391486,1.6067745283074,1.93108137658856,"1"
0.059,1.76246152251777,0.0247388543239854,1.60700638475674,1.93143053423741,"1"
0.061,1.76303522882065,0.0247475204249766,1.60746843949728,1.93213111348945,"1"
0.065,1.76418320007493,0.024765967762777,1.60838591987167,1.93354132610354,"1"
0.067,1.76475746514684,0.0247757481692869,1.60884134778261,1.93425095822831,"1"
0.068,1.76504466757036,0.0247807773674153,1.60906823422422,1.93460690541753,"1"
0.07,1.76561921223019,0.0247911134714496,1.60952035295396,1.93532106150076,"1"
0.071,1.76590655448159,0.0247964202615963,1.60974558561327,1.93567927015377,"1"
0.073,1.76648137886504,0.0248073110213597,1.61019439850227,1.93639794802678,"1"
0.075,1.76705638980632,0.0248185709465948,1.6106410095432,1.93711963903204,"1"
0.077,1.76763158736579,0.0248301995350775,1.61108542050462,1.93784434192255,"1"
0.079,1.76820697160383,0.0248421962690959,1.61152763326733,1.93857205533935,"1"
0.08,1.76849473374618,0.0248483325246889,1.61174791594244,1.93893704054001,"1"
0.082,1.76907039811531,0.0248608804727007,1.61218683517736,1.93966926695512,"1"
0.084,1.76964624931403,0.0248737952049587,1.61262356140179,1.94040450001426,"1"
0.086,1.77022228740278,0.0248870761504533,1.61305809688342,1.94114273797268,"1"
0.087,1.77051037654981,0.0248938537706307,1.61327454383407,1.94151298321422,"1"
0.089,1.77108669508699,0.0249076829326546,1.61370579769094,1.94225572501326,"1"
0.091,1.77166320066541,0.0249218768152337,1.61413486694788,1.94300146687736,"1"
0.092,1.77195152361399,0.0249291103326746,1.61434858317361,1.94337546217532,"1"
0.096,1.77310528331399,0.0249589530513279,1.61519800007897,1.94487893264846,"1"
0.098,1.77368244401338,0.0249744184564553,1.61561944475151,1.94563515735362,"1"
0.099,1.77397109460192,0.0249822868783659,1.61582935244269,1.94601439100309,"1"
0.101,1.77454853629457,0.0249982947336931,1.6162475404642,1.94677509929484,"1"
0.103,1.77512616539183,0.0250146633579611,1.61666356131775,1.94753879336853,"1"
0.105,1.77570398195431,0.0250313920434237,1.6170774182673,1.94830547048612,"1"
0.107,1.77628198604268,0.0250484800686777,1.61748911467666,1.94907512781006,"1"
0.108,1.77657105842803,0.0250571586045904,1.617694153757,1.94946107313572,"1"
0.11,1.77714934391897,0.0250747842573939,1.61810261587906,1.95023519523363,"1"
0.112,1.77772781708751,0.0250927673877158,1.61850892630044,1.95101229001543,"1"
0.113,1.77801712406985,0.0251018927674501,1.61871127577747,1.9514019511735,"1"
0.117,1.77917482149683,0.0251392841056893,1.6195153132115,1.95296801137574,"1"
0.12,1.78004358775222,0.0251682591302984,1.62011272649987,1.95415033101376,"1"
0.122,1.78062300021988,0.0251880178709759,1.62050833587895,1.95494223967149,"1"
0.124,1.78120260072972,0.0252081292897207,1.62090181719203,1.9557371005478,"1"
0.125,1.78149247151948,0.0252183169902668,1.62109776115129,1.95613563690588,"1"
0.126,1.78178238934259,0.025228592543102,1.62129317469809,1.9565349099131,"1"
0.128,1.78236236611935,0.0252494067756922,1.62168241274447,1.95733566394978,"1"
0.129,1.7826524250882,0.0252599452386301,1.6218762383527,1.9577371440031,"1"
0.131,1.78323268422493,0.0252812843102754,1.62226230555124,1.95854230769916,"1"
0.132,1.78352288440803,0.0252920846978089,1.62245454828235,1.95894599033375,"1"
0.137,1.78497459177547,0.025347390665148,1.62340787654478,1.96097539073862,"1"
0.138,1.78526507459268,0.0253587118682253,1.62359696927564,1.96138346457392,"1"
0.14,1.7858461816318,0.0253816133615199,1.62397358665821,1.9622018016881,"1"
0.141,1.78613680586895,0.0253931934180729,1.62416111254314,1.96261206386681,"1"
0.143,1.78671819581657,0.0254166115618418,1.62453460182025,1.96343477268022,"1"
0.146,1.78759063453572,0.0254523820670529,1.62509093900994,1.96467428853331,"1"
0.147,1.78788154181869,0.0254644766315958,1.62527534818136,1.96508891221787,"1"
0.149,1.78846349799529,0.025488921625654,1.62564261559587,1.96592033367796,"1"
0.15,1.7887545469042,0.0255012718099024,1.62582547515837,1.96633713026751,"1"
0.152,1.78933678640141,0.0255262269350572,1.62618964932678,1.9671728921664,"1"
0.159,1.79137611307758,0.0256162316554507,1.62744810827496,1.97012076598264,"1"
0.161,1.79195920336187,0.0256427036043953,1.62780307637934,1.97096948274046,"1"
0.162,1.79225081946221,0.0256560649871802,1.62797979869545,1.97139491577366,"1"
0.165,1.79312595168778,0.0256966492013438,1.62850692733285,1.97267550566122,"1"
0.167,1.79370960985184,0.0257241207487025,1.6288558217738,1.97353280130504,"1"
0.168,1.79400150996095,0.025737980745918,1.62902951380242,1.97396251784055,"1"
0.17,1.79458545227162,0.0257659485191993,1.62937539118707,1.97482408496337,"1"
0.171,1.7948774944885,0.0257800560264594,1.62954757803901,1.97525593418913,"1"
0.173,1.79546172108367,0.0258085176064811,1.62989045183006,1.97612176053746,"1"
0.177,1.79663074313427,0.0258664232138329,1.63057022109291,1.97786190537265,"1"
0.179,1.7972155387124,0.0258958650443179,1.6309071288837,1.97873621261754,"1"
0.18,1.79750800766652,0.025910707732069,1.63107484129136,1.97917442246017,"1"
0.183,1.79838569928121,0.0259557212118273,1.6315750219999,1.9804932682413,"1"
0.186,1.79926381818559,0.0260014598671943,1.63207078460726,1.98181842314873,"1"
0.187,1.79955661947616,0.0260168665764797,1.6322350607442,1.98226154005961,"1"
0.189,1.80014236458704,0.0260479198780698,1.63256215076426,1.98314986735494,"1"
0.191,1.80072829978882,0.0260792920703431,1.63288729653622,1.98404098097545,"1"
0.192,1.80102133869302,0.0260950973915253,1.6330491423743,1.98448758078164,"1"
0.198,1.80278057084893,0.0261915893584243,1.63401009077358,1.98718173378611,"1"
0.199,1.80307394273517,0.0262079466680072,1.63416856884415,1.98763317783836,"1"
0.201,1.80366082931429,0.0262408959539993,1.63448409254793,1.98853813203825,"1"
0.205,1.80483517391468,0.0263077290638965,1.63510943396173,1.99035628296508,"1"
0.207,1.80542263205919,0.0263416105167213,1.63541926533663,1.99126946711435,"1"
0.208,1.8057164326195,0.0263586669465139,1.63557347419942,1.99172708359013,"1"
0.21,1.80630417675476,0.0263930104651285,1.63588048259971,1.9926443613602,"1"
0.212,1.80689211162762,0.0264276605288367,1.63618561769143,1.99356436021709,"1"
0.213,1.80718615060993,0.0264451001389658,1.6363374849268,1.99402537804321,"1"
0.217,1.80836278369175,0.0265156189101765,1.63694030559243,1.99587621979557,"1"
0.219,1.80895138663227,0.0265513323715492,1.63723893930093,1.99680569155455,"1"
0.22,1.80924575972945,0.0265693020888173,1.63738756509829,1.99727143729453,"1"
0.222,1.80983464921628,0.0266054667333891,1.63768343902813,1.99820494438822,"1"
0.226,1.81101300157614,0.026678692575359,1.63826970125682,2.0000799979167,"1"
0.228,1.81160246457284,0.0267157513153741,1.63856010392043,2.0010215310817,"1"
0.229,1.81189726780245,0.0267343916010273,1.63870462629502,2.00149329634862,"1"
0.231,1.81248701776284,0.0267718932313602,1.63899231765552,2.00243882006824,"1"
0.232,1.81278196450911,0.0267907542666021,1.63913548845633,2.00291257684319,"1"
0.234,1.81337200157246,0.0268286960023705,1.63942048484738,2.00386207601809,"1"
0.24,1.81514326188654,0.0269442673426012,1.64026477810755,2.00672639771554,"1"
0.241,1.8154386396008,0.0269637822413972,1.64040394345649,2.00720608345241,"1"
0.246,1.8169162471881,0.0270624316843624,1.64109318177328,2.00961431294839,"1"
0.247,1.81721191256304,0.0270823754663911,1.64122971822384,2.01009791301931,"1"
0.249,1.81780338723246,0.0271224756690114,1.64150148732811,2.01106706046846,"1"
0.25,1.81809919654244,0.0271426317754534,1.64163672184012,2.01155260612634,"1"
0.252,1.8186909591518,0.0271831552125809,1.6419058954364,2.01252563700133,"1"
0.259,1.82076364098826,0.027327188567113,1.64283449899168,2.01595151973088,"1"
0.261,1.8213562682561,0.0273689647026626,1.6430959868582,2.01693610755243,"1"
0.265,1.82254209980591,0.0274533404328403,1.64361390809667,2.01891292362373,"1"
0.267,1.82313530421232,0.0274959375005512,1.64387035650169,2.01990513794974,"1"
0.268,1.82343197860064,0.0275173377821254,1.64399795594268,2.02040219363614,"1"
0.27,1.8240254717864,0.027560341050652,1.64425191000891,2.02139819769567,"1"
0.271,1.82432229059943,0.0275819437215647,1.64437826651806,2.02189714432381,"1"
0.273,1.82491607270469,0.0276253503465948,1.64462974320045,2.02289692241239,"1"
0.277,1.82610421505022,0.0277129643054827,1.64512777762369,2.02490399346418,"1"
0.28,1.82699582792297,0.0277793704192585,1.64549702908363,2.02641584474484,"1"
0.282,1.82759047762824,0.0278239700528619,1.64574117547063,2.02742685057977,"1"
0.286,1.82878035601586,0.02791395297923,1.64622465121503,2.02945628273796,"1"
0.287,1.82907794627851,0.0279366110535555,1.64634452210847,2.02996518161463,"1"
0.289,1.82967327165736,0.0279821209108517,1.64658307284901,2.03098482225668,"1"
0.291,1.83026879022634,0.0280278879971598,1.64682004181597,2.03200691426157,"1"
0.292,1.83056662197665,0.0280508676080118,1.64693793549175,2.03251887734256,"1"
0.298,1.83235462749245,0.0281900803261894,1.64763708560298,2.0356034399742,"1"
0.299,1.83265279765371,0.0282135034908418,1.64775225075213,2.0361196563032,"1"
0.301,1.83324928311115,0.0282605378777393,1.64798142391432,2.03715390046071,"1"
0.307,1.83503990112636,0.0284031342508681,1.64865975392925,2.04027106236709,"1"
0.308,1.83533850695069,0.0284271164357797,1.64877147864869,2.04079268453348,"1"
0.31,1.83593586394568,0.0284752646531056,1.64899379627314,2.04183771694129,"1"
0.312,1.83653341478799,0.0285236569653218,1.64921461104415,2.04288512768598,"1"
0.313,1.8368322629215,0.0285479442693478,1.64932445719441,2.04340972277589,"1"
0.319,1.83862637018938,0.0286949344194756,1.64997573552325,2.0465696950816,"1"
0.32,1.83892555788506,0.0287196423918945,1.65008299083184,2.04709841606941,"1"
0.322,1.83952407890506,0.0287692366205438,1.65029640316477,2.04815761512807,"1"
0.326,1.84072170367955,0.0288691339175538,1.65071886061437,2.05028301763568,"1"
0.328,1.8413208075597,0.0289194345373478,1.6509279205119,2.05134920743534,"1"
0.329,1.84162043240051,0.0289446723057985,1.65103191148012,2.05188317149307,"1"
0.331,1.8422198279229,0.0289953219985607,1.65123882005396,2.05295283367998,"1"
0.332,1.84251959862019,0.0290207336189193,1.65134173949609,2.05348853011435,"1"
0.334,1.84311928592633,0.0290717296490992,1.65154651327467,2.05456164943551,"1"
0.335,1.8434192025509,0.0290973137560892,1.65164836944165,2.05509907063361,"1"
0.338,1.84431924440502,0.0291744086317126,1.65195182601479,2.05671477026817,"1"
0.34,1.8449195157035,0.0292260891708066,1.65215237957039,2.05779475832151,"1"
0.341,1.84521972439508,0.029252014175947,1.65225213382853,2.05833560632213,"1"
0.343,1.8458202879023,0.0293040329077667,1.65245060184153,2.05941900609069,"1"
0.346,1.84672149859144,0.0293824805666374,1.65274571617664,2.06104835265512,"1"
0.347,1.84702199963356,0.0294087410726567,1.65284340118403,2.06159259735954,"1"
0.349,1.84762314798371,0.0294614281220037,1.65303774694533,2.06268277556714,"1"
0.35,1.84792379530751,0.0294878543686663,1.653134409496,2.06322870741608,"1"
0.352,1.848525236292,0.0295408715659672,1.65332671841999,2.06432225247813,"1"
0.358,1.85033073050866,0.0297012301783003,1.65389558007236,2.06761627941594,"1"
0.359,1.85063181710355,0.0297281456793705,1.6539892235275,2.06816722827616,"1"
0.361,1.85123413684334,0.0297821374223343,1.65417551828177,2.06927078526762,"1"
0.365,1.85243936274426,0.0298907598006544,1.65454416385605,2.07148451364798,"1"
0.367,1.85304226903185,0.0299453881185251,1.65472652873466,2.07259467212381,"1"
0.368,1.85334379553761,0.0299727810546238,1.65481722476108,2.07315057211966,"1"
0.37,1.8539469953126,0.0300277237624995,1.65499764834957,2.07426400962426,"1"
0.371,1.85424866859766,0.0300552732475721,1.65508737765188,2.07482154553624,"1"
0.373,1.85485216200246,0.0301105277651299,1.65526587561222,2.07593824769875,"1"
0.38,1.85696593151485,0.0303055368934217,1.65588062237241,2.07986374070051,"1"
0.386,1.85877964537928,0.0304746636802196,1.65639533923477,2.08324938730703,"1"
0.387,1.85908210269101,0.0305030265326479,1.65648004360841,2.08381552809416,"1"
0.389,1.85968716452955,0.0305599010332036,1.65664853272862,2.08494940244375,"1"
0.391,1.86029242270781,0.0306169730062738,1.65681580128298,2.08608539537119,"1"
0.394,1.8612006782511,0.0307029488169017,1.65706443020642,2.08779334370645,"1"
0.398,1.86241237342407,0.0308182641345711,1.65739172578739,2.09007796623913,"1"
0.399,1.86271542008849,0.030847213645593,1.65747280348399,2.09065043077364,"1"
0.405,1.86453473280505,0.0310219140224854,1.65795306495533,2.09409615496572,"1"
0.407,1.86514156398912,0.0310805264711767,1.65811080803129,2.09524887828876,"1"
0.408,1.86544505341919,0.0311099031548477,1.65818924371317,2.09582601447855,"1"
0.41,1.86605217999521,0.0311687967767593,1.65834524740691,2.09698183223541,"1"
0.412,1.86665950357883,0.0312278765227121,1.65850009957671,2.09813970560995,"1"
0.417,1.86817867486437,0.0313763832724468,1.65888223414084,2.10104334413208,"1"
0.419,1.86878668847657,0.0314361061800921,1.6590331063444,2.10220836638054,"1"
0.42,1.86909076926412,0.031466035729724,1.6591081209805,2.10279163895106,"1"
0.425,1.87061191333561,0.0316163592730911,1.65947901095112,2.10571558773388,"1"
0.426,1.87091629023252,0.0316465582419841,1.65955235777856,2.10630188971154,"1"
0.428,1.8715251921728,0.0317070894181328,1.65969822649221,2.10747600024617,"1"
0.429,1.87182971723215,0.0317374213712697,1.65977074992674,2.10806380740082,"1"
0.431,1.8724389155692,0.0317982173746199,1.65991497880856,2.10924092199261,"1"
0.432,1.87274358886289,0.0318286811725144,1.65998668579342,2.10983022803833,"1"
0.437,1.87426769690267,0.0319816531048857,1.6603411767464,2.11278421810076,"1"
0.438,1.87457266688086,0.0320123772063106,1.6604112714674,2.11337650326752,"1"
0.441,1.8754878736999,0.0321048067076039,1.6606199623018,2.11515632078378,"1"
0.447,1.87731962403843,0.0322908120345253,1.66103024143192,2.11872922404562,"1"
0.449,1.87793060377889,0.0323531498830385,1.66116491850627,2.11992410345875,"1"
0.45,1.87823616799036,0.0323843812760408,1.66123186987204,2.12052227360909,"1"
0.452,1.87884744513583,0.0324469683982521,1.66136500192765,2.12172007149792,"1"
0.453,1.87915315808587,0.03247832388786,1.66143118407873,2.12231969792222,"1"
0.455,1.87976473278066,0.0325411581273593,1.66156278426686,2.123520402459,"1"
0.461,1.88160064780034,0.0327306383956151,1.66195152396352,2.12713408283089,"1"
0.465,1.88282558423504,0.0328577637978287,1.66220569038861,2.12955279059174,"1"
0.467,1.88343835057161,0.0329215652710875,1.66233129264037,2.13076500544547,"1"
0.468,1.88374480829784,0.0329535252966315,1.66239372599178,2.13137182590836,"1"
0.47,1.88435787290634,0.0330175633516494,1.66251786064753,2.13258688977382,"1"
0.471,1.8846644798047,0.0330496411524751,1.66257956334708,2.13319513192899,"1"
0.473,1.88527784282986,0.0331139137314167,1.66270224296391,2.13441303357965,"1"
0.479,1.88711912631212,0.0333076591480727,1.66306452522358,2.13807803291566,"1"
0.48,1.88742618116134,0.0333400841585801,1.66312407329249,2.13869050681859,"1"
0.486,1.88926955660264,0.0335354287539734,1.66347642959359,2.14237513933157,"1"
0.487,1.88957696030906,0.0335681175811169,1.66353433989709,2.14299087068702,"1"
0.489,1.89019191733695,0.0336336068753168,1.66364946729971,2.14422372171938,"1"
0.491,1.8908070739053,0.0336992442993452,1.66376367484615,2.14545841992626,"1"
0.492,1.89111472703732,0.0337321182898986,1.66382043532261,2.14607646025678,"1"
0.499,1.8932696968746,0.0339632580881233,1.6642114115187,2.15041559135629,"1"
0.505,1.89511876244121,0.0341627819398502,1.66453781108036,2.15415263890552,"1"
0.507,1.89573551765863,0.0342295737042208,1.66464484721771,2.15540194851868,"1"
0.508,1.89604397030909,0.0342630223352978,1.66469803743665,2.15602728089493,"1"
0.51,1.89666102573394,0.0343300245812893,1.66480376531398,2.15727929802169,"1"
0.512,1.897278281378,0.0343971661238924,1.66490862727502,2.15853311464832,"1"
0.517,1.89882229687225,0.0345656240719895,1.66516702635575,2.16167550039471,"1"
0.519,1.89944025379369,0.034633246772264,1.66526889658188,2.16293558101579,"1"
0.52,1.8997493074419,0.0346671090482711,1.6653195149803,2.16356628910865,"1"
0.525,1.90129532788225,0.0348369257239405,1.66556946403549,2.16672648618807,"1"
0.526,1.90160468246695,0.0348709894292005,1.6656188294683,2.16735985324345,"1"
0.528,1.90222354219787,0.0349392164275829,1.66571694073476,2.16862791081573,"1"
0.529,1.90253304736033,0.0349733795264267,1.66576568775535,2.16926260029606,"1"
0.531,1.90315220831983,0.0350418044398605,1.66586256752564,2.17053329806683,"1"
0.532,1.90346186413312,0.03507606606188,1.6659107014519,2.17116930533121,"1"
0.54,1.90594091971655,0.0353513264077057,1.66628850682062,2.17627309751227,"1"
0.546,1.90780232370134,0.0355591138076918,1.66656350472836,2.1801191929653,"1"
0.547,1.90811273386593,0.0355938552564064,1.66660865132828,2.18076172117994,"1"
0.549,1.90873370526877,0.0356634317966627,1.66669836125534,2.18204806949469,"1"
0.55,1.90904426652331,0.0356982667056929,1.66674292569788,2.18269188863071,"1"
0.552,1.90966554017934,0.0357680293473356,1.6668314763169,2.18398081446247,"1"
0.553,1.90997625259713,0.0358029568990799,1.66687546359879,2.18462592020425,"1"
0.558,1.91153057090986,0.0359780533741698,1.66709254169057,2.18785785824396,"1"
0.559,1.91184158587424,0.0360131637879817,1.66713538946218,2.18850552443197,"1"
0.561,1.91246376717006,0.0360834750255668,1.66722052149108,2.1898021316625,"1"
0.562,1.91277493351784,0.0361186756733415,1.66726280682413,2.19045107178108,"1"
0.567,1.91433152258178,0.0362951257061102,1.66747144804399,2.19370211907705,"1"
0.568,1.91464299191674,0.0363305044638461,1.66751262291288,2.19435359469492,"1"
0.57,1.91526608217419,0.0364013500408691,1.66759442349111,2.19565780848227,"1"
0.571,1.91557770311301,0.0364368166889346,1.66763505024712,2.19631054575729,"1"
0.577,1.91744849060239,0.0366502252588361,1.66787501403846,2.20023576682598,"1"
0.579,1.91807249114519,0.0367215913057073,1.66795356794959,2.20154751471616,"1"
0.584,1.91963337843243,0.0369005029152444,1.66814685444531,2.20483415973989,"1"
0.586,1.92025808789136,0.0369722644261566,1.66822294030663,2.20615171889687,"1"
0.587,1.92057051862731,0.0370081870404706,1.66826072193545,2.20681111845664,"1"
0.589,1.92119553215316,0.0370801155812925,1.66833576506883,2.20813115544181,"1"
0.591,1.92182074847224,0.0371521546672799,1.66841011799117,2.20945284013672,"1"
0.592,1.92213343269974,0.0371882154639907,1.66844703685046,2.21011429933948,"1"
0.605,1.92620294642877,0.037659470122607,1.66891158912193,2.21875049379151,"1"
0.607,1.92682978745681,0.0377323707976897,1.66898055959939,2.22008524300348,"1"
0.608,1.92714328423584,0.0377688605148305,1.66901479869622,2.22075322484713,"1"
0.61,1.92777043036503,0.0378419183285866,1.66908278692826,2.2220904010724,"1"
0.619,1.93059510699889,0.0381719568794362,1.6693807405596,2.2281276252621,"1"
0.62,1.93090921457258,0.0382087554727927,1.66941304819702,2.22880043364833,"1"
0.622,1.93153758258741,0.0382824283631259,1.66947718987531,2.23014724936973,"1"
0.625,1.93248051690189,0.0383931258677907,1.66957222506734,2.23217046481724,"1"
0.626,1.93279493031762,0.0384300749254282,1.66960359127904,2.23284566633864,"1"
0.628,1.9334239101649,0.0385040474440283,1.66966585805895,2.23419726176893,"1"
0.629,1.93373847661296,0.0385410707621873,1.66969675950063,2.23487365495915,"1"
0.631,1.93436776259913,0.0386151911609119,1.66975810066075,2.23622763050353,"1"
0.632,1.93468248215375,0.0386522881000291,1.66978854124441,2.23690521214742,"1"
0.647,1.93940940634209,0.0392116312077611,1.67022705711286,2.24711619556353,"1"
0.649,1.94004053228334,0.0392866125731217,1.67028300551878,2.24848432015067,"1"
0.65,1.94035617203865,0.0393241381436908,1.67031076105376,2.24916896708478,"1"
0.652,1.94098760516004,0.0393992587283193,1.6703658368207,2.25053942859072,"1"
0.658,1.9428831340066,0.039625171287093,1.67052761071533,2.25466013080507,"1"
0.659,1.94319923486754,0.0396629030197588,1.67055407360753,2.25534826995922,"1"
0.661,1.94383159042388,0.0397384341645641,1.67060657488149,2.25672570721909,"1"
0.665,1.9450969171066,0.0398897653771534,1.67070989036997,2.2594852087511,"1"
0.667,1.94572988836573,0.0399655644266498,1.67076071081506,2.26086726804388,"1"
0.668,1.94604645100377,0.0400034970910525,1.67078591306596,2.2615588737427,"1"
0.67,1.94667973033835,0.0400794283855206,1.67083590354369,2.26294323571753,"1"
0.671,1.9469964470515,0.0401174268907311,1.6708606925345,2.26363599138623,"1"
0.673,1.947630034611,0.0401934893064693,1.67090985992083,2.26502265057722,"1"
0.677,1.94889782649559,0.0403458740321886,1.67100656288044,2.26780055200127,"1"
0.687,1.95207090711038,0.0407283291812923,1.6712389403743,2.27477193028268,"1"
0.689,1.95270614106357,0.0408050723733601,1.67128383137706,2.27617075172084,"1"
0.691,1.95334158111561,0.0408818985162202,1.67132820096667,2.27757108313691,"1"
0.692,1.95365937844953,0.040920342548214,1.671350191125,2.27827181439022,"1"
0.698,1.95556724528871,0.0411514365417376,1.67147942948153,2.28248410219557,"1"
0.699,1.95588540364569,0.0411900233050574,1.67150052205516,2.28318746433423,"1"
0.701,1.95652187519224,0.0412672572600376,1.67154232706623,2.28459531261745,"1"
0.707,1.95843252909372,0.0414994385004243,1.67166472580763,2.28882783040934,"1"
0.708,1.95875115222399,0.0415382046966744,1.67168468930938,2.28953455583882,"1"
0.71,1.95938855354262,0.0416157960108588,1.67172424539912,2.29094912361766,"1"
0.713,1.96034504329112,0.0417323294645067,1.67178265728028,2.29307376374355,"1"
0.719,1.96225941959,0.0419659183363956,1.6718961938155,2.29733305741066,"1"
0.72,1.962578663471,0.0420049168501629,1.6719146942875,2.29804423481193,"1"
0.725,1.96417565979766,0.0422001935267977,1.67200540636194,2.30160565761356,"1"
0.728,1.96513447943254,0.042317584930676,1.67205841293928,2.303746931234,"1"
0.729,1.96545418966759,0.0423567526527574,1.67207584693192,2.30446142433037,"1"
0.731,1.96609376572314,0.0424351436686692,1.67211036451208,2.305891511941,"1"
0.741,1.96929475989087,0.0428281969460305,1.6722760253612,2.31306391804314,"1"
0.746,1.97089720493995,0.0430253992951361,1.67235459167221,2.3166638028059,"1"
0.747,1.97121784992141,0.0430648930304885,1.67236996865093,2.31738487072954,"1"
0.749,1.97185929592321,0.0431439333767843,1.67240038871286,2.31882809580067,"1"
0.75,1.97218009696038,0.0431834798909474,1.67241543238874,2.31955025251575,"1"
0.758,1.97474837923888,0.043500477862465,1.672531828017,2.32534053838959,"1"
0.759,1.97506964889762,0.0435401801292103,1.67254588760862,2.32606594998671,"1"
0.761,1.97571234455702,0.0436196358258132,1.67257368338427,2.32751785480639,"1"
0.768,1.97796342184019,0.0438982631117068,1.67266760261678,2.33261085739226,"1"
0.77,1.97860705633517,0.0439780214927497,1.67269348424938,2.33406923314639,"1"
0.771,1.97892895188433,0.044017925553549,1.67270626771861,2.33479895872753,"1"
0.773,1.9795728996282,0.0440977831906523,1.67273152134152,2.33625948432271,"1"
0.78,1.98182836239676,0.04437780015251,1.67281664788246,2.34138258525401,"1"
0.786,1.98376365533621,0.0446184440153481,1.67288562846384,2.34578772043026,"1"
0.787,1.98408638729712,0.0446586070939461,1.67289677194477,2.34652315455714,"1"
0.789,1.98473200827022,0.0447389806663361,1.67291875845821,2.3479950882583,"1"
0.791,1.98537783870148,0.0448194171755284,1.6729403461105,2.34946844135977,"1"
0.792,1.98570083248508,0.0448596589256388,1.67295099101187,2.35020564974023,"1"
0.794,1.98634697723059,0.0449401892064973,1.67297198425421,2.35168112927726,"1"
0.807,1.99055203077852,0.0454651348340807,1.67309893427967,2.36130619658088,"1"
0.808,1.99087586381849,0.0455056213456251,1.6731080265419,2.36204905340531,"1"
0.81,1.99152368748384,0.0455866391856417,1.67312592653937,2.36353582170204,"1"
0.812,1.99217172131971,0.0456677165165095,1.67314344879196,2.3650239951153,"1"
0.819,1.99444149581956,0.0459519511166067,1.67320182981155,2.37024364890709,"1"
0.82,1.99476595972805,0.0459926144526817,1.67320979893978,2.37099071441037,"1"
0.825,1.99638906885537,0.0461961476022929,1.67324826862156,2.37473128442222,"1"
0.828,1.99736356630613,0.0463184392974598,1.67327025806081,2.37697981497611,"1"
0.829,1.99768850416987,0.0463592316035577,1.67327740720084,2.37773002235499,"1"
0.831,1.99833853801871,0.046440858602764,1.67329143584789,2.37923148201965,"1"
0.832,1.99866363402085,0.046481693221436,1.67329831581123,2.37998273401323,"1"
0.834,1.99931398422319,0.0465634045117105,1.67331180815293,2.38148628159793,"1"
0.84,2.00126630102876,0.0468088721621142,1.67335016070705,2.38600526283908,"1"
0.841,2.00159187190655,0.0468498317308477,1.67335624532594,2.38675964092668,"1"
0.847,2.00354640641136,0.0470958756291446,1.67339092828504,2.39129318414008,"1"
0.849,2.00419834068483,0.0471779985455586,1.6734017993623,2.39280713326295,"1"
0.85,2.00452438712975,0.0472190801481153,1.67340710651692,2.3935646262312,"1"
0.858,2.00713466321419,0.0475482118358686,1.67344651072763,2.39963699444761,"1"
0.862,2.00844107182966,0.0477130933451751,1.67346419943311,2.40268144818026,"1"
0.868,2.01040227451072,0.047960804087608,1.6734882531727,2.407258443275,"1"
0.87,2.0110564329474,0.0480434768612548,1.67349561648529,2.40878685493984,"1"
0.871,2.01138359174364,0.0480848323230611,1.67349917631589,2.40955157522738,"1"
0.873,2.0120380685348,0.0481675812328664,1.67350605333028,2.4110820441232,"1"
0.875,2.01269275764807,0.0482503805737591,1.67351260814773,2.41261388333498,"1"
0.879,2.01400277311562,0.048416129513706,1.67352475754144,2.41568166901648,"1"
0.88,2.01433040979114,0.0484575978651103,1.67352759598902,2.41644947045135,"1"
0.887,2.01662535493873,0.0487482212705006,1.67354525926248,2.42183364415252,"1"
0.889,2.01728153223059,0.0488313664617827,1.67354960266975,2.42337505024448,"1"
0.891,2.01793792239449,0.048914560055387,1.67355363632641,2.4249178195355,"1"
0.894,2.018922906926,0.0490394406612436,1.67355910933565,2.4272345276248,"1"
0.899,2.02056561314759,0.0492478135449669,1.67356670356266,2.43110251193858,"1"
0.907,2.0231967153645,0.0495818220208402,1.67357493414442,2.43730894967376,"1"
0.908,2.02352584322999,0.0496236254063978,1.67357562754717,2.43808628083791,"1"
0.91,2.02418425911478,0.0497072667389875,1.67357679271912,2.43964195974056,"1"
0.912,2.02484288859554,0.049790953960003,1.67357766356757,2.4411989934475,"1"
0.92,2.02747954386007,0.0501261571297007,1.67357823195277,2.44744066153667,"1"
0.928,2.03011962218997,0.0504620762883816,1.67357420303818,2.45370394844517,"1"
0.929,2.03044987288606,0.0505041158149732,1.67357338054241,2.45448837716462,"1"
0.932,2.03144094638858,0.050630299911273,1.67357049192673,2.45684368510932,"1"
0.94,2.03408616762455,0.0509672665290819,1.67355972990473,2.46313931837457,"1"
0.943,2.03507901071652,0.0510938053373304,1.67355455964597,2.46550572925121,"1"
0.947,2.0364035531312,0.0512626715126981,1.67354671469768,2.46866564608197,"1"
0.949,2.03706614661996,0.0513471674593988,1.67354238741409,2.47024761843006,"1"
0.95,2.0373975239651,0.051389431057085,1.67354012312525,2.47103910782902,"1"
0.959,2.0403823396582,0.0517702675724795,1.67351675333064,2.47817759624727,"1"
0.961,2.04104622387161,0.051855010253691,1.67351083568663,2.47976761108274,"1"
0.962,2.04137824673558,0.0518973967639755,1.67350777901031,2.48056312046376,"1"
0.968,2.04337151506961,0.0521519266473415,1.67348807853792,2.48534320006082,"1"
0.97,2.04403636897103,0.0522368496677737,1.6734809970672,2.48693923391466,"1"
0.973,2.045034054241,0.0523643082749527,1.67346989647538,2.48933578981222,"1"
0.977,2.04636505654713,0.0525343903541441,1.67345420888437,2.49253587129925,"1"
0.986,2.04936297044778,0.0529176412463918,1.67341525156977,2.49975556509116,"1"
0.987,2.04969634217141,0.0529602725285512,1.67341061348596,2.50055941950219,"1"
0.989,2.05036324783099,0.0530455635259117,1.67340115332334,2.50216812738001,"1"
0.991,2.05103036983193,0.0531308922818408,1.67339144876928,2.50377816696957,"1"
0.992,2.05136401198228,0.0531735707624667,1.67338650519458,2.50458368602194,"1"
0.998,2.05336700153378,0.0534298376637956,1.67335557430563,2.50942378663336,"1"
0.999,2.05370102264894,0.0534725812748542,1.67335020886727,2.51023163397138,"1"
1.008,2.05670965151484,0.0538576858274848,1.67329924877633,2.51751721257092,"1"
1.01,2.05737883225118,0.0539433643822325,1.67328727725989,2.51913988300808,"1"
1.012,2.05804823006459,0.054029078841458,1.67327507275025,2.52076388099671,"1"
1.02,2.06072799349306,0.0543722923260033,1.67322394566931,2.52727314141474,"1"
1.026,2.06274009881539,0.0546300711763164,1.67318320472559,2.53216900915228,"1"
1.029,2.06374688589035,0.0547590775436058,1.67316207394908,2.5346214149998,"1"
1.031,2.06441834944003,0.0548451247268891,1.67314770746765,2.53625800781472,"1"
1.032,2.06475416289119,0.0548881611394816,1.67314044081043,2.53707680078528,"1"
1.04,2.06744263189434,0.0552327575049289,1.67308032178557,2.54363905731939,"1"
1.049,2.07047133152994,0.0556210676384125,1.67300852374568,2.55104689492905,"1"
1.05,2.07080812665645,0.0556642544053377,1.67300027760521,2.55187164055885,"1"
1.052,2.07148188078227,0.0557506524274172,1.67298362558945,2.55352212299071,"1"
1.058,2.07350445477802,0.0560100410392974,1.6729324000343,2.5584814975925,"1"
1.061,2.07451647999862,0.0561398438501484,1.67290607886393,2.56096564263207,"1"
1.062,2.07485393116409,0.0561831274048009,1.67289720095517,2.5617943512068,"1"
1.067,2.07654200807911,0.0563996639844514,1.67285203510831,2.56594284465315,"1"
1.068,2.0768797877416,0.056442994934039,1.67284284746393,2.56677353328593,"1"
1.07,2.07755551141689,0.0565296803219666,1.67282431859221,2.56843590030577,"1"
1.071,2.0778934554474,0.0565730347243155,1.67281497758644,2.56926757864707,"1"
1.087,2.08330801972403,0.0572677514431432,1.67265867322976,2.58261927857451,"1"
1.089,2.08398582859489,0.0573547275194699,1.67263824106302,2.58429417441268,"1"
1.091,2.0846638573328,0.057441733467154,1.67261761302902,2.58597038830064,"1"
1.103,2.08873665095142,0.057964388915811,1.67248977803069,2.59605534390652,"1"
1.108,2.09043598879018,0.0581824711292337,1.67243448332185,2.60027140597816,"1"
1.11,2.09111610981423,0.0582697542030363,1.67241203552376,2.60196013571039,"1"
1.113,2.09213670502516,0.0584007321852588,1.67237801282255,2.6044956995953,"1"
1.119,2.09417938555944,0.0586628787139524,1.67230871350024,2.60957571591478,"1"
1.128,2.09724713525712,0.0590565685718521,1.67220166882635,2.6172179587627,"1"
1.129,2.09758827278739,0.059100346296748,1.6721895482044,2.61806874250136,"1"
1.131,2.09827071382687,0.0591879222077682,1.67216517202814,2.61977129730872,"1"
1.149,2.10442265319535,0.0599773142460102,1.67193780662434,2.63515352711957,"1"
1.152,2.10544972333936,0.0601090875825304,1.671898537813,2.63772759826271,"1"
1.167,2.11059257537792,0.060768822486945,1.6716964457599,2.650642383154,"1"
1.17,2.11162264774786,0.0609009404786854,1.67165489399668,2.65323422677405,"1"
1.189,2.11815808892695,0.0617389765681149,1.67138317546096,2.66971804318922,"1"
1.191,2.11884720214252,0.061827318173709,1.67135372736305,2.67146009692369,"1"
1.198,2.12126085910911,0.0621367009153146,1.67124941325048,2.67756766102884,"1"
1.203,2.12298657793365,0.062357865030806,1.67117372764286,2.6819400905982,"1"
1.207,2.1243681607421,0.0625349009909556,1.67111248123862,2.68544396588635,"1"
1.208,2.12471369648476,0.0625791744153809,1.6710970733394,2.68632075867294,"1"
1.21,2.12540493608212,0.062667738499843,1.67106614251221,2.68807533311482,"1"
1.229,2.13198290497072,0.0635102258786641,1.67076475891904,2.70480957547627,"1"
1.231,2.13267650238981,0.0635990256531663,1.67073225233908,2.70657800243564,"1"
1.247,2.13823338685274,0.0643102049243704,1.67046696400601,2.72077295973582,"1"
1.249,2.13892901164173,0.0643991986199126,1.67043315683441,2.72255327484763,"1"
1.27,2.14624670815215,0.0653348899506804,1.67006972483369,2.74132643010074,"1"
1.271,2.14659579180615,0.0653795030225703,1.67005203915135,2.74222402915541,"1"
1.279,2.14939049968961,0.0657365882364119,1.66990933524859,2.74941674225284,"1"
1.289,2.15288898639321,0.0661833905622727,1.66972794508075,2.75843745265511,"1"
1.291,2.15358936471384,0.066272809667231,1.66969127063519,2.76024557312444,"1"
1.294,2.1546403581513,0.0664069746044791,1.66963601350019,2.7629602415418,"1"
1.299,2.15639315037663,0.0666306789299871,1.66954326771805,2.76749132503671,"1"
1.301,2.15709466525481,0.0667201940685226,1.66950594310669,2.76930608187435,"1"
1.313,2.16130853527225,0.0672576807298718,1.6692793112535,2.78022252278385,"1"
1.32,2.16377041515976,0.0675715236185334,1.66914501138198,2.78661255086889,"1"
1.328,2.16658741583682,0.0679304750374032,1.6689896636982,2.79393540394714,"1"
1.329,2.16693979791758,0.0679753642852822,1.66897010692288,2.79485225879525,"1"
1.331,2.16764473351142,0.0680651562297911,1.6689309017713,2.79668696773281,"1"
1.349,2.17399945144166,0.0688740796047666,1.66857262785472,2.8132593536908,"1"
1.35,2.1743530354256,0.0689190612215725,1.66855244086017,2.81418321151061,"1"
1.361,2.17824624541862,0.0694141412365804,1.66832845328696,2.82436769684434,"1"
1.368,2.18072736045968,0.0697294582524035,1.66818409336108,2.83086979764488,"1"
1.371,2.18179155782674,0.0698646566151287,1.66812179624293,2.83366143239496,"1"
1.38,2.18498725756552,0.0702704739572547,1.66793337902084,2.84205442484826,"1"
1.382,2.18569804657796,0.0703607004566055,1.66789120022333,2.84392322132291,"1"
1.389,2.18818762403798,0.0706766202131433,1.66774270072627,2.85047457633434,"1"
1.392,2.18925545108794,0.0708120744123328,1.66767864490644,2.85328733488716,"1"
1.398,2.19139266403743,0.0710830897448678,1.66754979636397,2.85892192201549,"1"
1.399,2.19174906837766,0.0711282727407678,1.66752822662916,2.85986219619333,"1"
1.42,2.19924692368227,0.072078008764816,1.6670690928266,2.87968570067103,"1"
1.431,2.20318457203683,0.072576156008252,1.66682398067175,2.89012877756414,"1"
1.447,2.20892461156108,0.0733015275028481,1.66646194266572,2.90539171527061,"1"
1.449,2.20964316405414,0.0733922638955565,1.66641623601333,2.90730567608947,"1"
1.45,2.2100025276861,0.0734376374413834,1.66639334542383,2.90826316483437,"1"
1.458,2.21287953523529,0.0738007533269677,1.6662093317923,2.91593528239026,"1"
1.47,2.21720204945688,0.0743458467677197,1.66593038222,2.92748419932732,"1"
1.491,2.22478671493256,0.0753009419452669,1.66543394925456,2.94781272254941,"1"
1.498,2.22732068080284,0.0756196331708076,1.66526618234514,2.95462232681416,"1"
1.528,2.238213166397,0.0769872365091162,1.6645346116241,2.9839963387658,"1"
1.529,2.23857716245786,0.0770328719847316,1.6645098818744,2.98498079123778,"1"
1.55,2.24623472765066,0.0779919206461527,1.66398556731833,3.0057338231021,"1"
1.552,2.2469653802151,0.0780833276931495,1.66393514191796,3.00771823326814,"1"
1.561,2.25025625014336,0.0784948053056994,1.66370718888282,3.01666518373649,"1"
1.564,2.25135427427755,0.0786320171329332,1.6636308295148,3.01965372625301,"1"
1.57,2.25355192533643,0.0789065188984527,1.66347755339052,3.02564016108402,"1"
1.573,2.25465155277933,0.0790438085654757,1.66340063832973,3.02863805717908,"1"
1.58,2.25721943097376,0.079364250745955,1.66322045750946,3.03564529113323,"1"
1.589,2.26052527359589,0.0797764505415322,1.66298734503249,3.04467960436661,"1"
1.594,2.26236393814671,0.0800055477812402,1.66285713995732,3.04971084365361,"1"
1.61,2.26825769041823,0.080739118287478,1.6624371824129,3.06586937785616,"1"
1.612,2.26899548496693,0.0808308631736472,1.66238433802728,3.06789547993946,"1"
1.629,2.27527640659929,0.0816111219390924,1.66193207691788,3.08517388063789,"1"
1.661,2.28714638012206,0.0830818598603524,1.66106615778856,3.11797337677418,"1"
1.668,2.28975115544934,0.0834039238727641,1.66087426319488,3.12519642009739,"1"
1.67,2.29049592005602,0.0834959640792833,1.66081927617295,3.1272633313402,"1"
1.71,2.30544203411053,0.0853387597438248,1.65970494247419,3.16889987970975,"1"
1.72,2.30919373062704,0.0858000348273848,1.65942211983588,3.17939815492336,"1"
1.728,2.31219946988824,0.0861692156804964,1.65919467322085,3.18782256139192,"1"
1.729,2.3125754614543,0.0862153732340889,1.6591661687556,3.18887722622141,"1"
1.747,2.31935374282731,0.0870465817707042,1.65865032420179,3.20792265540194,"1"
1.752,2.32124011153709,0.087277596719997,1.6585061145939,3.21323375849693,"1"
1.77,2.32804371283325,0.0881096862449331,1.65798371030665,3.23242851346051,"1"
1.78,2.33183207832956,0.0885722478089746,1.65769131984853,3.24314297773957,"1"
1.931,2.38978919955286,0.0955798909791846,1.65310196369369,3.40939940805252,"1"
1.991,2.41321523985138,0.0983750959129728,1.65119554324219,3.4778319042163,"1"
2.01,2.42068110733534,0.099261377139882,1.65058289382863,3.4997888221756,"1"
2.029,2.42817000246388,0.100148178485022,1.64996609849346,3.52188480136518,"1"
2.152,2.47721266750049,0.105900739081074,1.64587859849759,3.66833995571449,"1"
2.25,2.51699317481001,0.110497101011961,1.64251412981924,3.78935266599362,"1"
2.271,2.52560008192124,0.111483385268595,1.64178172870871,3.81579414047632,"1"
2.37,2.56657239033477,0.11613886111795,1.63827827108177,3.94292173805079,"1"
2.487,2.61584935866197,0.121652091147453,1.63403745208437,4.09854695428723,"1"
