"agd_tail","predicted","conf.low","conf.high"
-1.53,1.52025244572529,1.24497646402034,1.79552842743023
-1.439,1.53992031884098,1.27706914890132,1.80277148878064
-1.387,1.55129358575839,1.29537166316678,1.80721550835
-1.32,1.56609347319745,1.31812930067239,1.81405764572251
-1.278,1.57545551703895,1.33312835401034,1.81778268006756
-1.268,1.57769423646436,1.3367254619536,1.81866301097512
-1.25,1.58173333164669,1.34322315477128,1.8202435085221
-1.241,1.58375742071968,1.34648307585769,1.82103176558168
-1.23,1.58623542759703,1.35047748232,1.82199337287406
-1.209,1.59097878185645,1.3581468732588,1.82381069045409
-1.208,1.59120506957257,1.35849618884379,1.82391395030136
-1.199,1.59324335432978,1.36164315546447,1.82484355319509
-1.169,1.60005972446442,1.37218382721786,1.82793562171099
-1.168,1.60028752331812,1.37253645882451,1.82803858781172
-1.153,1.60370905838926,1.37814533338648,1.82927278339205
-1.138,1.60713914352257,1.38419032170947,1.83008796533567
-1.13,1.60897202559679,1.38743097094955,1.83051308024402
-1.129,1.60920130744112,1.38783649280828,1.83056612207396
-1.12,1.61126656158948,1.39149060313242,1.83104252004653
-1.099,1.616097531293,1.39976864695221,1.83242641563379
-1.072,1.62233363072702,1.40957844672017,1.83508881473387
-1.071,1.62256513576085,1.40994309770895,1.83518717381274
-1.068,1.62325988199341,1.41106360421197,1.83545615977485
-1.05,1.62743564882841,1.4176141304818,1.83725716717501
-1.048,1.62790039526605,1.41833261738987,1.83746817314223
-1.039,1.62999366883737,1.42132089608058,1.83866644159416
-1.038,1.63022644831144,1.42164784380913,1.83880505281375
-1.03,1.63209007883905,1.42435453003169,1.83982562764642
-1.029,1.63232320709271,1.4246978176998,1.83994859648563
-1.026,1.6330228245907,1.42572144558651,1.84032420359489
-1.02,1.63442310747886,1.42774166608411,1.84110454887362
-1.009,1.63699392557598,1.43145262067358,1.84253523047839
-1.008,1.63722786966373,1.43179044390177,1.84266529542569
-1.001,1.63886656838957,1.43415737346753,1.84357576331161
-0.999,1.63933511861111,1.43483433608148,1.84383590114074
-0.996,1.64003823629073,1.43585036135403,1.84422611122744
-0.993,1.64074170494135,1.43686708464761,1.84461632523509
-0.992,1.64097627251511,1.43720614760557,1.84474639742466
-0.99,1.64144552473655,1.43788450641149,1.8450065430616
-0.976,1.64473466513048,1.44302043560838,1.84644889465258
-0.972,1.64567582727441,1.44450115296962,1.84685050157921
-0.971,1.64591121567258,1.44487153586086,1.8469508954843
-0.969,1.6463821099487,1.44561254602332,1.84715167387409
-0.968,1.64661761583956,1.44594074063361,1.84729449104552
-0.962,1.64803147413068,1.44787939407288,1.84818355418848
-0.959,1.64873893260361,1.44884987736776,1.84862798783945
-0.951,1.65062721535827,1.45144637977823,1.84980805093831
-0.95,1.65086342742633,1.45177127902299,1.84995557582967
-0.948,1.65133596944948,1.45248650299518,1.85018543590378
-0.942,1.65275453908141,1.45470199273313,1.85080708542968
-0.939,1.65346435497202,1.45579297852019,1.85113573142386
-0.938,1.65370103898984,1.45615008401199,1.85125199396769
-0.93,1.65559592904367,1.45901157683246,1.85218028125489
-0.929,1.65583296763668,1.45936984263454,1.85229609263882
-0.927,1.65630716311831,1.46008661247772,1.8525277137589
-0.918,1.65844299595027,1.46331869503951,1.85356729686102
-0.914,1.6593932817368,1.46475996189479,1.8540266015788
-0.913,1.65963095198533,1.46512047793346,1.85414142603719
-0.911,1.66010641109024,1.46584174931166,1.85437107286882
-0.909,1.66058202838239,1.46656333986349,1.85460071690129
-0.893,1.66439266771901,1.47234756978002,1.856437765658
-0.89,1.66510829221929,1.47343439319302,1.85678219124557
-0.888,1.66558557362785,1.47415934274559,1.85701180451011
-0.883,1.66677947195997,1.47597311969411,1.85758582422583
-0.881,1.66725730935447,1.47670006662359,1.85781455208536
-0.88,1.66749628766254,1.4770637090193,1.85792886630578
-0.874,1.66893099247493,1.47924725451053,1.85861473043932
-0.872,1.66940954565111,1.47997574762774,1.85884334367449
-0.871,1.66964888193846,1.48034011512485,1.85895764875206
-0.869,1.67012767394443,1.48106909207644,1.85918625581242
-0.868,1.67036712967617,1.48143370156304,1.8593005577893
-0.866,1.67084616062996,1.48216448961642,1.85952783164351
-0.86,1.67228420988631,1.48435979961069,1.86020862016193
-0.854,1.67372369483821,1.48660942294624,1.86083796673017
-0.853,1.67396374867801,1.48701755328848,1.86090994406755
-0.851,1.6744439761435,1.48783406554571,1.86105388674129
-0.85,1.67468414978233,1.4882494842048,1.86111881535987
-0.848,1.67516461690507,1.48911089530262,1.86121833850752
-0.842,1.67660697750769,1.49170045638616,1.86151349862921
-0.841,1.67684751089894,1.4921328521232,1.86156216967468
-0.839,1.67732869770427,1.49299792824583,1.8616594671627
-0.832,1.6790141124547,1.49611148052749,1.86191674438192
-0.83,1.67949602001008,1.49699570719429,1.86199633282587
-0.827,1.68021918194426,1.49818160780653,1.862256756082
-0.823,1.68118395925587,1.49976417147718,1.86260374703457
-0.821,1.68166658863029,1.50055603781123,1.86277713944935
-0.813,1.68359871215244,1.50372800728603,1.86346941701884
-0.811,1.68408214480363,1.50452233760728,1.86364195199998
-0.809,1.68456573826896,1.50531705853551,1.86381441800242
-0.806,1.68529143010934,1.50650987272402,1.86407298749466
-0.804,1.68577542584179,1.50730557098603,1.86424528069754
-0.799,1.68698611966213,1.50929652881358,1.86467571051068
-0.797,1.68747067912519,1.5100935973043,1.86484776094607
-0.795,1.68795539977351,1.51085015744048,1.86506064210653
-0.793,1.68844028166017,1.51159643352491,1.86528412979544
-0.792,1.68868278308448,1.51196969719156,1.8653958689774
-0.79,1.68916790692824,1.51271647586197,1.86561933799451
-0.788,1.68965319214313,1.51346358976616,1.8658427945201
-0.781,1.69135296196037,1.51608113043649,1.86662479348426
-0.774,1.69305471150545,1.51870278551249,1.86740663749841
-0.772,1.69354128960406,1.51945887895979,1.86762370024833
-0.771,1.6937846393438,1.5198543660922,1.8677149125954
-0.769,1.69427146023746,1.52064559700915,1.86789732346577
-0.759,1.69670799472253,1.52452958198756,1.8688864074575
-0.753,1.69817186134812,1.52665676235929,1.86968696033695
-0.751,1.69866014153286,1.52736647960583,1.8699538034599
-0.75,1.69890434252584,1.52772146151909,1.87008722353259
-0.748,1.69939286634642,1.52846257347191,1.87032315922092
-0.747,1.69963718918739,1.52883853941197,1.87043583896281
-0.742,1.70085941296664,1.53072140717195,1.87099741876133
-0.733,1.70306197808984,1.53413059258838,1.87199336359131
-0.732,1.70330691107417,1.53452605479388,1.87208776735446
-0.73,1.70379689923896,1.53532427510171,1.87226952337621
-0.729,1.70404195443283,1.53572352589949,1.87236038296617
-0.721,1.70600386354471,1.53892091038023,1.87308681670919
-0.713,1.7079683840884,1.5421243076459,1.87381246053089
-0.711,1.70845992266363,1.54292609766499,1.87399374766228
-0.709,1.70895162472218,1.54372826428683,1.87417498515752
-0.708,1.7091975370745,1.54412948887407,1.87426558527494
-0.701,1.71092006886602,1.54694070002173,1.8748994377103
-0.699,1.71141258914871,1.54774475207297,1.87508042622445
-0.697,1.71190527323787,1.5485491816937,1.87526136478205
-0.693,1.71289113305134,1.55015917428913,1.87562309181355
-0.692,1.71313770046803,1.55056190867113,1.87571349226493
-0.69,1.71363095830461,1.55136766105623,1.875894255553
-0.683,1.715358652975,1.55419077454726,1.87652653140275
-0.681,1.71585264945863,1.55499823053854,1.87670706837871
-0.68,1.7160997093067,1.55540210065812,1.87679731795529
-0.676,1.71708835956521,1.55702364480711,1.8771530743233
-0.674,1.71758293130884,1.5578359715359,1.87732989108179
-0.672,1.71807766753421,1.55853521760264,1.87762011746579
-0.671,1.71832509734447,1.55895928011636,1.87769091457259
-0.669,1.71882008039397,1.55986008490582,1.87778007588212
-0.668,1.71906763364676,1.560263740979,1.87787152631451
-0.662,1.72055381778264,1.5623419685329,1.87876566703238
-0.66,1.72104954203597,1.56291155269443,1.8791875313775
-0.657,1.72179343754741,1.56376521890767,1.87982165618716
-0.654,1.72253770417941,1.56467713704068,1.88039827131814
-0.653,1.72278587555964,1.56502680469125,1.88054494642802
-0.651,1.72328234211518,1.56572635403246,1.88083833019789
-0.65,1.72353063730406,1.5660762357502,1.88098503885792
-0.648,1.72402735153803,1.56677621334776,1.8812784897283
-0.641,1.72576715256042,1.56922838506558,1.88230592005525
-0.639,1.72626461056358,1.56995166084657,1.88257756028058
-0.633,1.72775797738074,1.57225092806301,1.88326502669848
-0.632,1.7280070167062,1.5726344392288,1.88337959418359
-0.63,1.72850521958063,1.57333849623343,1.88367194292782
-0.629,1.72875438314322,1.57368521996925,1.88382354631719
-0.627,1.72925283455325,1.57437887454406,1.88412679456245
-0.623,1.73025023470353,1.57576701246074,1.88473345694632
-0.621,1.73074918355289,1.57646149600525,1.88503687110052
-0.62,1.730998720195,1.57680884146839,1.8851885989216
-0.618,1.7314979179482,1.57750373983981,1.88549209605658
-0.614,1.73249681152166,1.57889436671821,1.88609925632511
-0.613,1.73274663871884,1.57924219645671,1.88625108098096
-0.611,1.73324641772557,1.57993806364521,1.88655477180593
-0.609,1.73374636292772,1.580634207867,1.88685851798843
-0.608,1.73399639786916,1.58098238389713,1.88701041184118
-0.603,1.73524719625353,1.58272430374811,1.88777008875895
-0.602,1.73549748071373,1.58307289574734,1.88792206568011
-0.601,1.73574780678433,1.58342155711924,1.88807405644942
-0.599,1.73624858378413,1.58411908803192,1.88837807953635
-0.597,1.73674952730771,1.58481689658791,1.88868215802752
-0.593,1.73775191414539,1.58621334703708,1.8892904812537
-0.592,1.7380026150178,1.58656263333554,1.88944259670006
-0.59,1.73850414180619,1.58726141444502,1.88974686916735
-0.588,1.73900583536504,1.58796047365618,1.8900511970739
-0.581,1.7407630769308,1.59043736400371,1.89108878985789
-0.58,1.74101427840279,1.59079320749495,1.89123534931062
-0.578,1.74151680663736,1.59146289640381,1.89157071687091
-0.576,1.74201950197188,1.59196650071013,1.89207250323362
-0.575,1.74227091231879,1.59221837350963,1.89232345112795
-0.574,1.74252236446131,1.59247029341851,1.8925744355041
-0.572,1.74302539416064,1.59297427459997,1.89307651372132
-0.571,1.74327697173121,1.59322633589029,1.89332760757214
-0.569,1.74378025234855,1.59373059991452,1.89382990478258
-0.568,1.74403195540908,1.59402559106484,1.89403831975332
-0.562,1.74554305273181,1.59620598230728,1.89488012315635
-0.56,1.74604708684637,1.59693801357021,1.89515616012253
-0.559,1.74629916674846,1.59730413833227,1.89529419516465
-0.554,1.7475601949826,1.59904986053561,1.89607052942959
-0.553,1.74781252642244,1.59934095776269,1.89628409508218
-0.551,1.74831731515027,1.59992332961192,1.89671130068862
-0.55,1.74856977245208,1.60021460425743,1.89692494064673
-0.548,1.74907481296597,1.60081001422639,1.89733961170554
-0.547,1.74932739619186,1.6011781129754,1.89747667940831
-0.541,1.75084377754741,1.60304038766697,1.89864716742786
-0.539,1.75134957416515,1.60364105794935,1.89905809038096
-0.536,1.75210858443734,1.60454252601033,1.89967464286436
-0.535,1.75236167198122,1.60484313878276,1.89988020517969
-0.533,1.75286797329021,1.6054488454365,1.90028710114391
-0.532,1.75312118706915,1.60575202129836,1.90049035283994
-0.53,1.75362774091054,1.60646986616645,1.90078561565463
-0.529,1.75388108098683,1.60685786951909,1.90090429245458
-0.527,1.75438788748523,1.60744329959173,1.90133247537873
-0.526,1.75464135392118,1.60773284561642,1.90154986222595
-0.521,1.75590931824567,1.60921734866791,1.90260128782343
-0.518,1.75667060280564,1.61028983717736,1.90305136843393
-0.514,1.75768623956678,1.61172300544538,1.90364947368819
-0.513,1.75794025428211,1.6120835826366,1.90379692592761
-0.511,1.75844841039138,1.61291941195149,1.90397740883128
-0.509,1.75895673545179,1.61375610864638,1.9041573622572
-0.508,1.75921096135603,1.61417460230928,1.90424732040278
-0.504,1.7602282876287,1.61553644160014,1.90492013365726
-0.502,1.76073720445576,1.61621514499853,1.90525926391298
-0.501,1.7609917263163,1.61655459164628,1.90542886098632
-0.499,1.76150089696619,1.61723367489352,1.90576811903886
-0.497,1.76201023690087,1.61791301148259,1.90610746231914
-0.496,1.76226497036739,1.61825277480765,1.90627716592713
-0.493,1.76302942484727,1.61927383878608,1.90678501090845
-0.492,1.76328432772386,1.61954940438322,1.90701925106451
-0.49,1.7637942605938,1.6201006918338,1.90748782935381
-0.488,1.76430436299919,1.62072523637104,1.90788348962734
-0.487,1.76455947779509,1.62108139483713,1.90803756075306
-0.484,1.7653250766393,1.62215040207813,1.90849975120048
-0.483,1.76558036109611,1.62250917407563,1.9086515481166
-0.481,1.7660910573147,1.6232274182883,1.90895469634109
-0.48,1.76634646909042,1.62358667527542,1.90910626290542
-0.478,1.76685742000963,1.62430545912201,1.90940938089725
-0.474,1.76787983151455,1.62601505839307,1.90974460463602
-0.472,1.76839129221198,1.62687498935126,1.90990759507271
-0.471,1.7686470863214,1.6273054956982,1.9099886769446
-0.469,1.76915880209656,1.62805097621876,1.91026662797436
-0.468,1.76941472377629,1.6284105688386,1.91041887871397
-0.466,1.76992669475499,1.62929734750504,1.91055604200494
-0.46,1.77146362914873,1.63196033560871,1.91096692268875
-0.459,1.77171993391707,1.63240455400903,1.9110353138251
-0.454,1.77300209690473,1.6346322728841,1.91137192092537
-0.453,1.7732586573805,1.63506566948569,1.91145164527531
-0.451,1.77377190626633,1.63593277377495,1.91161103875771
-0.45,1.77402859469041,1.63636648151069,1.91169070787012
-0.448,1.77454209953596,1.63723420828464,1.91184999078728
-0.447,1.77479891597146,1.63766091707563,1.91193691486729
-0.444,1.77556962141304,1.63873406988271,1.91240517294337
-0.442,1.77608363855684,1.63944984804475,1.91271742906893
-0.441,1.77634071120461,1.63980784004931,1.91287358235991
-0.439,1.77685498468705,1.64039617721953,1.91331379215456
-0.438,1.77711218553574,1.64068542638334,1.91353894468814
-0.433,1.7783988311351,1.64217056700746,1.91462709526275
-0.432,1.77865628857535,1.6424604467393,1.9148521304114
-0.43,1.77917133183247,1.64304037248425,1.91530229118068
-0.429,1.7794289176634,1.6433304185174,1.91552741680941
-0.427,1.77994421776521,1.64394409016365,1.91594434536677
-0.426,1.78020193205016,1.64429178387981,1.9161120802205
-0.421,1.78149114609687,1.64603124743362,1.91695104476011
-0.42,1.7817491174799,1.64637933922026,1.91711889573954
-0.418,1.78226518887602,1.64707772511675,1.91745265263528
-0.417,1.78252328890319,1.64751854177974,1.91752803602664
-0.416,1.78278143182585,1.64796165259399,1.9176012110577
-0.414,1.78329784638578,1.64882818541431,1.91776750735726
-0.413,1.78355611803717,1.64923848192372,1.91787375415062
-0.411,1.78407279011805,1.65005940212196,1.91808617811414
-0.409,1.7845896339501,1.65088330779464,1.91829596010557
-0.408,1.78484812029046,1.65129649075114,1.91839974982978
-0.406,1.78536522185514,1.65211256535015,1.91861787836013
-0.402,1.78639994071805,1.65367343047359,1.91912645096251
-0.401,1.78665872791947,1.65400817298003,1.91930928285892
-0.399,1.78717643135462,1.65471393549384,1.9196389272154
-0.395,1.78821235455205,1.65618858018365,1.92023612892045
-0.393,1.78873057442748,1.65698699209636,1.9204741567586
-0.392,1.78898974895913,1.65738022923955,1.92059926867872
-0.39,1.78950822724571,1.65825501475194,1.92076143973948
-0.388,1.79002687787716,1.6591499312118,1.92090382454252
-0.383,1.79132425883643,1.66112925531148,1.92151926236137
-0.381,1.79184351312117,1.66187685141292,1.92181017482941
-0.38,1.79210320498497,1.66230219969933,1.9219042102706
-0.378,1.79262271819088,1.66321592527977,1.92202951110199
-0.375,1.79340231180192,1.66439569101093,1.92240893259291
-0.374,1.79366226271456,1.66476326007847,1.92256126535065
-0.372,1.79418229414585,1.66549922151568,1.92286536677602
-0.371,1.7944423746787,1.66586731241456,1.92301743694285
-0.369,1.79496266541433,1.66674727056668,1.92317806026198
-0.368,1.79522287563131,1.66718806198786,1.92325768927475
-0.363,1.79652457549202,1.66924990325243,1.92379924773162
-0.362,1.79678504526909,1.66956199104704,1.92400809949113
-0.36,1.79730611468501,1.67018684346852,1.9244253859015
-0.359,1.7975667143381,1.67050107405208,1.92463235462412
-0.357,1.7980880435701,1.67112975371631,1.92504633342388
-0.354,1.79887036233939,1.6722183347102,1.92552238996858
-0.353,1.79913122193664,1.67269627609623,1.92556616777706
-0.351,1.79965307118511,1.6736524857601,1.92565365661011
-0.35,1.79991406085056,1.67413204197253,1.92569607972859
-0.348,1.80043617029954,1.67508737070327,1.92578496989581
-0.342,1.80200354010424,1.67756197726634,1.92644510294214
-0.341,1.80226492035914,1.67793144155787,1.92659839916041
-0.339,1.80278781117956,1.67867055784104,1.92690506451807
-0.338,1.80304932175933,1.67904020985248,1.92705843366618
-0.335,1.80383411426261,1.6798875509838,1.92778067754141
-0.333,1.80435752663948,1.68035368571643,1.92836136756253
-0.332,1.80461929806176,1.68058680918605,1.92865178693746
-0.33,1.8051429714097,1.68105316836153,1.92923277445787
-0.329,1.80540487334967,1.68128640407928,1.92952334262005
-0.327,1.80592880779732,1.68175298780444,1.93010462779021
-0.325,1.80645291638295,1.68221972128874,1.93068611147716
-0.323,1.80697719916377,1.6826866045797,1.93126779374784
-0.321,1.80750165619701,1.68315363772482,1.93184967466921
-0.32,1.80776395007619,1.68338721050755,1.93214068964482
-0.318,1.80828866859544,1.68385446852307,1.9327228686678
-0.314,1.80933862887804,1.68478943452081,1.93388782323527
-0.313,1.80960122799966,1.685023269798,1.93417918620133
-0.311,1.81012655715425,1.68549105292732,1.93476206138117
-0.309,1.81065206090507,1.68595898619626,1.93534513561388
-0.308,1.81091487827199,1.68623444564194,1.93559531090204
-0.302,1.81249269980668,1.68880278185494,1.93618261775841
-0.301,1.81275582301829,1.68925309068142,1.93625855535516
-0.299,1.81328220061114,1.69018526355231,1.93637913766997
-0.297,1.81380875314469,1.69111780483154,1.93649970145785
-0.295,1.81433548067642,1.69195045263435,1.9367205087185
-0.293,1.81486238326382,1.69254441089152,1.93718035563612
-0.292,1.81512590022137,1.69284179430223,1.93741000614052
-0.29,1.81565306550012,1.69347152858009,1.93783460242016
-0.288,1.81618040597836,1.69410153487017,1.93825927708655
-0.287,1.81644414193527,1.69449517240752,1.93839311146301
-0.285,1.81697174532066,1.69534683026215,1.93859666037917
-0.283,1.81749952404947,1.6961988629204,1.93880018517853
-0.28,1.81829152103759,1.6974776149894,1.93910542708578
-0.278,1.81881973837699,1.69833293409576,1.93930654265822
-0.275,1.81961239355119,1.69961867036205,1.93960611674033
-0.274,1.81987669974879,1.70004743789963,1.93970596159794
-0.272,1.82040544389654,1.70090775485795,1.93990313293512
-0.271,1.82066988186112,1.70133865397189,1.94000110975034
-0.269,1.82119888960776,1.70220073626922,1.94019704294631
-0.268,1.82146345940426,1.70263191949007,1.94029499931845
-0.263,1.82278696790728,1.7044573194294,1.94111661638516
-0.262,1.82305180156254,1.70477906734602,1.94132453577907
-0.26,1.82358160088552,1.7054621999211,1.94170100184994
-0.259,1.82384656656769,1.70577650237128,1.94191663076409
-0.254,1.82517205547451,1.70736006118885,1.94298404976016
-0.253,1.82543728540569,1.70779946831607,1.94307510249532
-0.251,1.82596787747576,1.70864724223479,1.94328851271673
-0.25,1.82623323962912,1.70896695330317,1.94349952595506
-0.248,1.82676409620867,1.70960522039018,1.94392297202717
-0.247,1.82702959064936,1.70985211726203,1.94420706403668
-0.244,1.82782633866193,1.71055231375877,1.94510036356509
-0.242,1.82835772465153,1.7109128694126,1.94580257989046
-0.241,1.82862348386244,1.71117469080615,1.94607227691874
-0.239,1.82915513475273,1.71181762491133,1.94649264459412
-0.238,1.8294210264466,1.71213921815672,1.94670283473648
-0.235,1.8302189666102,1.71353876258727,1.94689917063314
-0.233,1.83075114769347,1.7144153276265,1.94708696776044
-0.232,1.83101730454914,1.7147348461672,1.94729976293108
-0.23,1.83154975092484,1.71537608729279,1.94772341455689
-0.229,1.83181604045939,1.71569803429243,1.94793404662635
-0.227,1.83234875225823,1.71634656278969,1.94835094172677
-0.221,1.83394795001575,1.71868447437857,1.94921142565293
-0.22,1.83421463797932,1.71911609609308,1.94931317986555
-0.218,1.83474814683245,1.71998191727312,1.94951437639178
-0.217,1.83501496773657,1.72033976460613,1.94969017086701
-0.214,1.83581569644647,1.72105435794856,1.95057703494438
-0.213,1.83608269470655,1.72129263089613,1.95087275851696
-0.211,1.83661682430557,1.72176928957614,1.95146435903499
-0.209,1.83715113139162,1.72237000628929,1.95193225649395
-0.208,1.8374183515105,1.72269387157716,1.95214283144384
-0.206,1.83795292493641,1.72328138774336,1.95262446212946
-0.202,1.83902260474494,1.72434927214823,1.95369593734165
-0.201,1.83929013577226,1.72461636013561,1.9539639114089
-0.199,1.83982533116819,1.72515067642845,1.95449998590792
-0.197,1.84036070440116,1.72568517986419,1.95503622893813
-0.195,1.84089625552958,1.7263949287916,1.95539758226755
-0.193,1.84143198461185,1.72713473758736,1.95572923163634
-0.192,1.84169991590395,1.72750602073071,1.95589381107718
-0.19,1.84223591202659,1.72824882521251,1.95622299884066
-0.188,1.84277208624921,1.72899243636573,1.95655173613269
-0.184,1.84384496922837,1.7303543213578,1.95733561709893
-0.181,1.8446500994103,1.73150881945912,1.95779137936148
-0.18,1.84491856530951,1.73183821931963,1.95799891129939
-0.178,1.84545563090968,1.73249233810538,1.95841892371398
-0.175,1.84626156392418,1.73350533979664,1.95901778805172
-0.174,1.84653029752211,1.73387148153342,1.9591891135108
-0.172,1.84706789865158,1.73461054016769,1.95952525713547
-0.171,1.84733676619777,1.73498084520231,1.95969268719324
-0.169,1.84787463528975,1.73572165452328,1.96002761605621
-0.168,1.84814363685018,1.7360922002275,1.96019507347286
-0.163,1.84948931509033,1.7383772240697,1.96060140611096
-0.162,1.84975858487731,1.73884239993292,1.9606747698217
-0.16,1.85029725864896,1.73977307390357,1.96082144339434
-0.157,1.85110560491077,1.74112987615033,1.96108133367121
-0.154,1.85191435407412,1.74250753054194,1.9613211776063
-0.153,1.85218402669654,1.74296695670628,1.96140109668681
-0.151,1.85272350633744,1.74380243547227,1.96164457720262
-0.15,1.85299331337064,1.7442155975851,1.96177102915617
-0.148,1.85353306189927,1.74504217163154,1.96202395216699
-0.144,1.85461309701158,1.74669631945374,1.96252987456942
-0.142,1.85515338371303,1.74752389348457,1.9627828739415
-0.141,1.85542359437585,1.74793780558573,1.96290938316597
-0.139,1.85596415036251,1.74871883463928,1.96320946608574
-0.138,1.85623449570108,1.74903194024808,1.96343705115409
-0.135,1.85704580118623,1.75007786390032,1.96401373847214
-0.133,1.85758689614123,1.75058901354975,1.9645847787327
-0.132,1.85785751103032,1.75089841997574,1.9648166020849
-0.13,1.85839887566858,1.75151742445769,1.96528032687947
-0.129,1.8586696254325,1.75182702253992,1.96551222832508
-0.127,1.85921125988682,1.75244641045254,1.9659761093211
-0.126,1.85948214459199,1.75275050328922,1.96621378589476
-0.121,1.86083724319326,1.75424772675785,1.96742675962867
-0.12,1.86110839798031,1.75454633268534,1.96767046327528
-0.118,1.86165084268033,1.75503998588091,1.96826169947975
-0.116,1.86219346759752,1.75562547344685,1.96876146174819
-0.114,1.86273627279104,1.75610364193988,1.9693689036422
-0.113,1.86300774300992,1.75632642932815,1.96968905669168
-0.111,1.8635508187289,1.75672452308474,1.97037711437305
-0.109,1.86409407487219,1.75713720811122,1.97105094163315
-0.108,1.86436577062145,1.75737170782109,1.97135983342182
-0.102,1.86599689307036,1.75878672646818,1.97320705967253
-0.101,1.86626890487321,1.75902215338563,1.97351565636079
-0.099,1.86681306402679,1.75949311754486,1.97413301050871
-0.097,1.8673574039603,1.75996422884151,1.97475057907909
-0.096,1.86762964173808,1.76018438926396,1.9750748942122
-0.095,1.8679019247331,1.76039230319724,1.97541154626896
-0.093,1.86844662640453,1.76090689303091,1.97598635977815
-0.092,1.86871904509579,1.76114265111098,1.9762954390806
-0.09,1.8692640182265,1.76161427775061,1.9769137587024
-0.088,1.86980917240433,1.76208605173458,1.97753229307408
-0.083,1.87117285032001,1.76303216307339,1.97931353756662
-0.081,1.8717186386308,1.76357989294218,1.97985738431942
-0.08,1.87199160077547,1.76378945660879,1.98019374494216
-0.078,1.87253766108057,1.76413027113948,1.98094505102165
-0.075,1.87335709168919,1.765074434112,1.98163974926639
-0.074,1.8736303259621,1.76542098657584,1.98183966534836
-0.072,1.87417693065762,1.76608372292843,1.98227013838681
-0.071,1.87445030109513,1.76635961176833,1.98254099042194
-0.069,1.87499717818691,1.7669115395926,1.98308281678121
-0.068,1.87527068485606,1.7671875785947,1.98335379111742
-0.062,1.87691267906641,1.76873157676942,1.98509378136339
-0.06,1.87746037415182,1.7690662557791,1.98585449252454
-0.059,1.87773428991846,1.76923604399243,1.9862325358445
-0.057,1.87828225793694,1.76957567856777,1.9869888373061
-0.054,1.8791045512896,1.7700852758459,1.9881238267333
-0.053,1.87937874012368,1.77025518039422,1.98850229985314
-0.051,1.87992725441144,1.77059679925307,1.9892577095698
-0.05,1.88020157988006,1.77076801465438,1.98963514510574
-0.048,1.88075036750417,1.77110669492308,1.99039404008525
-0.047,1.8810248296746,1.77130177706291,1.99074788228629
-0.045,1.88157389076961,1.77183820727862,1.99130957426061
-0.044,1.88184848970915,1.77210649539694,1.99159048402136
-0.042,1.88239782440969,1.77264424217475,1.99215140664463
-0.041,1.88267256018566,1.77291410667113,1.99243101370019
-0.039,1.88322216862642,1.77346748004068,1.99297685721215
-0.038,1.88349704130617,1.77374424335,1.99324983926234
-0.033,1.88487208959834,1.77565074803282,1.99409343116385
-0.032,1.88514723628788,1.77608515692247,1.9942093156533
-0.03,1.88569766675804,1.77685428814172,1.99454104537437
-0.029,1.88597295055365,1.7771401648181,1.99480573628921
-0.027,1.88652365530342,1.77771207948454,1.9953352311223
-0.026,1.88679907627257,1.77799811749494,1.99560003505021
-0.023,1.88762561364718,1.77879804769512,1.99645317959924
-0.021,1.88817686736125,1.77922449901981,1.99712923570268
-0.02,1.8884525628801,1.77931940546359,1.9975857202966
-0.018,1.88900409127899,1.77947882590155,1.99852935665642
-0.016,1.8895558028762,1.77963812290502,1.99947348284737
-0.014,1.89010769773185,1.77979130834059,2.0004240871231
-0.013,1.89038371390037,1.77986393923363,2.00090348856712
-0.011,1.89093588375641,1.78017719677956,2.00169457073327
-0.009,1.89148823702125,1.78056457991539,2.00241189412712
-0.008,1.89176448245077,1.78076278443587,2.00276618046567
-0.006,1.89231711094163,1.7812190034928,2.00341521839046
-0.002,1.89342291866137,1.78248335264091,2.00436248468184
-0.001,1.89369948537232,1.7827995717833,2.00459939896134
0.001,1.89425275658414,1.78343216835305,2.00507334481523
0.005,1.89535985037848,1.7843906627908,2.00632903796616
0.007,1.8959136730816,1.78485931716755,2.00696802899565
0.008,1.89619065341104,1.78530177227705,2.00707953454503
0.01,1.8967447520634,1.78594851146115,2.00754099266565
0.012,1.89729903475736,1.78646277219023,2.00813529732449
0.017,1.89868554707054,1.78774916881511,2.00962192532596
0.02,1.89951800715705,1.78837972193042,2.01065629238367
0.022,1.90007321096507,1.78869251392741,2.01145390800273
0.025,1.9009063624538,1.78916406577645,2.01264865913114
0.026,1.90118417185407,1.7893218181603,2.01304652554785
0.028,1.90173992905607,1.78963735578589,2.01384250232625
0.029,1.90201787687292,1.78979514102694,2.0142406127189
0.031,1.90257391097616,1.79011245225817,2.01503536969415
0.032,1.9028519972777,1.79027309201149,2.01543090254391
0.037,1.90424312158744,1.79107647040631,2.01740977276856
0.038,1.90452148506283,1.79123718201051,2.01780578811514
0.04,1.90507835068767,1.79177987459004,2.01837682678529
0.041,1.90535685285228,1.79206592396143,2.01864778174314
0.044,1.90619263684591,1.79292874995506,2.01945652373676
0.046,1.90675005750067,1.79359743338534,2.01990268161599
0.047,1.90702883724851,1.79381568767592,2.0202419868211
0.049,1.90758653562307,1.79436176574407,2.02081130550208
0.05,1.90786545426498,1.79464782920812,2.02108307932184
0.052,1.90842343049601,1.79523080087159,2.02161606012042
0.053,1.90870248810032,1.79552299261701,2.02188198358363
0.058,1.91009847131381,1.79699894115762,2.02319800146999
0.059,1.9103778070481,1.79731388217664,2.02344173191955
0.061,1.91093661766909,1.79776400867246,2.02410922666573
0.065,1.91205479573378,1.79899267515832,2.02511691630925
0.067,1.91261416329923,1.79941390444115,2.02581442215732
0.068,1.91289391674188,1.79962456405557,2.02616326942819
0.07,1.9134535629851,1.80021078890924,2.02669633706096
0.071,1.9137334558009,1.80056091471271,2.02690599688909
0.073,1.914293380859,1.80126142448151,2.02732533723648
0.075,1.91485349186988,1.80164808015407,2.02805890358569
0.077,1.91541378889454,1.80195853277425,2.02886904501484
0.079,1.91597427199399,1.8022690635461,2.02967948044189
0.08,1.91625458334083,1.80242435824639,2.03008480843528
0.082,1.91681534566689,1.80273500629068,2.03089568504311
0.084,1.91737629422034,1.80304573254654,2.03170685589414
0.086,1.91793742906225,1.80336073229014,2.03251412583436
0.087,1.91821806636047,1.80356880381996,2.03286732890099
0.089,1.91877948074964,1.80398503383055,2.03357392766873
0.091,1.91934108158005,1.80440137980474,2.03428078335535
0.092,1.91962195192982,1.80460959628907,2.03463430757057
0.096,1.92074589973777,1.80544275230948,2.03604904716606
0.098,1.92130815359414,1.80588696622218,2.0367293409661
0.099,1.92158935053719,1.80614769577235,2.03703100530204
0.101,1.92215188449133,1.80665700452234,2.03764676446031
0.103,1.92271460525385,1.80708849809218,2.03834071241552
0.105,1.92327751288602,1.80732865070162,2.03922637507042
0.107,1.92384060744912,1.80750646496478,2.04017474993347
0.108,1.92412222484893,1.80761603447343,2.04062841522443
0.11,1.92468559992337,1.80792844616218,2.04144275368456
0.112,1.92524916208203,1.80809502181946,2.0424033023446
0.113,1.92553101333711,1.80827370845594,2.04278831821828
0.117,1.92665888637477,1.80925173179424,2.04406604095531
0.12,1.9275052827861,1.8100455876071,2.04496497796509
0.122,1.92806978128645,1.81064196516872,2.04549759740419
0.124,1.92863446723941,1.81124664017062,2.04602229430821
0.125,1.92891688052983,1.81154905929626,2.04628470176339
0.126,1.92919934070644,1.81185153285075,2.04654714856213
0.128,1.92976440174902,1.81242090428524,2.0471078992128
0.129,1.93004700263036,1.81266946503787,2.04742454022285
0.131,1.93061234515159,1.81316670498356,2.04805798531963
0.132,1.93089508680687,1.81341583314438,2.04837434046936
0.137,1.93230949933765,1.81467271063268,2.04994628804261
0.138,1.93259252274856,1.81492420745551,2.05026083804161
0.14,1.93315871053674,1.81548718427973,2.05083023679375
0.141,1.93344187492942,1.81578569619229,2.05109805366656
0.143,1.93400834475047,1.81618039762431,2.05183629187664
0.146,1.93485840218689,1.81682722226079,2.05288958211299
0.147,1.93514184875116,1.81708977112375,2.05319392637857
0.149,1.93570888305416,1.81742640038946,2.05399136571886
0.15,1.93599247080832,1.81757763787317,2.05440730374346
0.152,1.93655978756053,1.81797591401681,2.05514366110426
0.159,1.93854688006477,1.81972105827062,2.05737270185891
0.161,1.9391150449984,1.82028855657074,2.05794153342607
0.162,1.93939919820688,1.8205599478565,2.05823844855726
0.165,1.94025194089171,1.8213744045347,2.05912947724873
0.167,1.9408206719751,1.82185456250924,2.05978678144096
0.168,1.94110510832805,1.82191500348365,2.06029521317246
0.17,1.94167412269516,1.82241655280105,2.06093169258926
0.171,1.94195870072479,1.82274398353205,2.06117341791754
0.173,1.94252799851493,1.8232177208249,2.06183827620496
0.177,1.94366716123553,1.82402793224656,2.06330639022451
0.179,1.94423702628995,1.82443319435576,2.06404085822414
0.18,1.94452202976782,1.82463586452275,2.06440819501289
0.183,1.94537732409707,1.82524537287392,2.06550927532021
0.186,1.94623304443267,1.8258646733177,2.06660141554764
0.187,1.94651837924882,1.82607207332344,2.0669646851742
0.189,1.94708919098412,1.8264869554297,2.06769142653854
0.191,1.94766019224183,1.82701920344181,2.06830118104185
0.192,1.947945763961,1.82729522458223,2.06859630333978
0.198,1.94966019002995,1.82877432849494,2.07054605156496
0.199,1.94994609373963,1.8290819345994,2.07081025287987
0.201,1.9505180435417,1.82965233749396,2.07138374958945
0.205,1.95166251289449,1.83026526003244,2.07305976575654
0.207,1.95223503256971,1.83042831772594,2.07404174741349
0.208,1.95252136368428,1.83051036063481,2.07453236673375
0.21,1.95309416850626,1.8307919028911,2.07539643412142
0.212,1.95366716350397,1.83119567290262,2.07613865410531
0.213,1.9539537323382,1.83134506466461,2.07656240001178
0.217,1.95510048342615,1.83193659396487,2.07826437288743
0.219,1.95567414452991,1.8322323737766,2.07911591528322
0.22,1.95596104649903,1.83238026746005,2.07954182553802
0.222,1.95653499331078,1.83267606236381,2.08039392425775
0.226,1.95768345864681,1.83326768221603,2.08209923507759
0.228,1.95825797729603,1.83356669584843,2.08294925874362
0.229,1.95854530814327,1.83371631593686,2.08337430034969
0.231,1.9591201129221,1.83401556465705,2.08422466118716
0.232,1.95940758686932,1.83416578464562,2.08464938909302
0.234,1.95998267791845,1.83446726073819,2.0854980950987
0.24,1.96170909686643,1.83544028292283,2.08797791081004
0.241,1.96199700053584,1.83562806103943,2.08836594003224
0.246,1.96343723583,1.83656723306632,2.09030723859368
0.247,1.96372542633309,1.8367551237691,2.09069572889708
0.249,1.9643019508462,1.8371309614819,2.0914729402105
0.25,1.9645902848719,1.83731890849438,2.09186166124942
0.252,1.96516709650078,1.83769485883767,2.0926393341639
0.259,1.96718744558904,1.8390908416214,2.09528404955669
0.261,1.96776511941241,1.83952431756949,2.09600592125533
0.265,1.96892104243641,1.8403120503929,2.09753003447991
0.267,1.96949929176274,1.84059147592693,2.09840710759855
0.268,1.969788488407,1.84080992492054,2.09876705189346
0.27,1.97036702569702,1.84130571011706,2.09942834127698
0.271,1.9706563663585,1.84155366044303,2.09975907227397
0.273,1.97123519175375,1.84204967658084,2.10042070692667
0.277,1.97239341905372,1.842794505939,2.10199233216844
0.28,1.97326259422244,1.84324538257916,2.10327980586571
0.282,1.9738422847834,1.84354658644235,2.10413798312446
0.286,1.97500224326536,1.844154878194,2.10584960833673
0.287,1.97529235321517,1.84430695923407,2.10627774719628
0.289,1.97587271756518,1.84466824184682,2.10707719328354
0.291,1.97645327456829,1.84504470879316,2.10786184034342
0.292,1.97674362533448,1.84521753422303,2.10826971644594
0.298,1.97848674213389,1.84573424281213,2.11123924145564
0.299,1.97877743037453,1.84582038107222,2.11173447967684
0.301,1.97935895159041,1.84610922835726,2.11260867482357
0.307,1.98110467368395,1.84661725771902,2.11559208964888
0.308,1.98139579638927,1.84675673724013,2.1160348555384
0.31,1.981978186748,1.84706823661343,2.11688813688257
0.312,1.98256077042365,1.84738008905665,2.11774145179065
0.313,1.98285213477511,1.8475360220469,2.11816824750332
0.319,1.98460133657368,1.84824211626721,2.12096055688014
0.32,1.98489303956236,1.84833046448761,2.12145561463712
0.322,1.985476590773,1.84850133681708,2.12245184472892
0.326,1.98664427434942,1.84870399306092,2.12458455563791
0.328,1.98722840684213,1.84880658244048,2.12565023124378
0.329,1.98752054579239,1.84886155918377,2.12617953240101
0.331,1.98810496914041,1.8489714110085,2.12723852727232
0.332,1.98839725355406,1.8491016741117,2.12769283299641
0.334,1.98898196790032,1.84953660158731,2.12842733421334
0.335,1.98927439784883,1.84976865977225,2.12878013592541
0.338,1.99015197889125,1.85068113899474,2.12962281878777
0.34,1.9907372756631,1.85128973422053,2.13018481710566
0.341,1.99102999689594,1.85159526635527,2.13046472743662
0.343,1.99161558509526,1.8520361702693,2.13119499992122
0.346,1.99249433184763,1.85234783416052,2.13264082953474
0.347,1.99278734465116,1.85245171326962,2.1331229760327
0.349,1.99337351613511,1.85265945817867,2.13408757409155
0.35,1.99366667483146,1.85276332396955,2.13457002569338
0.352,1.99425313817272,1.85297417327437,2.13553210307108
0.358,1.99601369635884,1.85390557377271,2.13812181894497
0.359,1.99630729316391,1.85411813049212,2.1384964558357
0.361,1.99689463293788,1.85454331047003,2.13924595540572
0.365,1.99806989736455,1.8553939366007,2.14074585812839
0.367,1.99865782214498,1.85581938276402,2.14149626152594
0.368,1.99895185770492,1.85603414168494,2.14186957372491
0.37,1.9995400752042,1.85646374526443,2.14261640514397
0.371,1.99983425715951,1.85667858092188,2.14298993339715
0.373,2.00042276752146,1.85701195997945,2.14383357506347
0.38,2.00248409236668,1.85813051991019,2.14683766482317
0.386,2.00425284870089,1.85908951273952,2.14941618466227
0.387,2.00454781264722,1.85924936521332,2.14984626008111
0.389,2.00513788737535,1.8595690875628,2.1507066871879
0.391,2.00572815793758,1.85988883309356,2.1515674827816
0.394,2.00661393111015,1.86036849479878,2.15285936742151
0.398,2.00779564802502,1.86079066150811,2.15480063454192
0.399,2.00809119981046,1.86089616694406,2.15528623267686
0.405,2.00986554061789,1.8617834289385,2.15794765229729
0.407,2.01045738016354,1.86220993976856,2.15870482055852
0.408,2.01075337358687,1.86242323091648,2.15908351625726
0.41,2.01134550777475,1.86289641336179,2.15979460218771
0.412,2.01193783847119,1.8633975595759,2.16047811736647
0.417,2.01341952535962,1.8644249477653,2.16241410295394
0.419,2.01401254434295,1.86478352311162,2.16324156557428
0.42,2.01430912762996,1.86502232863926,2.16359592662065
0.425,2.01579278234064,1.86576132314206,2.16582424153922
0.426,2.01608966099432,1.86591121090238,2.16626811108626
0.428,2.01668356607771,1.86621101637024,2.16715611578518
0.429,2.01698059252356,1.86636093407644,2.16760025097068
0.431,2.01757479326388,1.86666079942998,2.16848878709778
0.432,2.01787196757449,1.86681074707597,2.16893318807301
0.437,2.01935857885493,1.86745269333138,2.17126446437849
0.438,2.01965604911302,1.86756832762541,2.17174377060063
0.441,2.02054875603666,1.86791532002814,2.17318219204517
0.447,2.0223355032836,1.86829811058648,2.17637289598073
0.449,2.02293148101783,1.86841637112202,2.17744659091364
0.45,2.02322954404358,1.86851312510647,2.1779459629807
0.452,2.02382581845283,1.86877020995491,2.17888142695076
0.453,2.02412402985253,1.86889874941572,2.17934931028933
0.455,2.02472060108253,1.86915582238674,2.18028537977831
0.461,2.02651150280074,1.86961668342674,2.18340632217474
0.465,2.02770642795149,1.86985491488103,2.18555794102195
0.467,2.02830418792308,1.86997379519887,2.18663458064729
0.468,2.02860314228633,1.87003317643665,2.18717310813601
0.47,2.02920119980832,1.87015293248292,2.18824946713372
0.471,2.0295003029833,1.87021278040422,2.18878782556237
0.473,2.03009865820183,1.87031217952937,2.18988513687428
0.479,2.03189491539094,1.87081249905476,2.19297733172711
0.48,2.03219446543977,1.87098718609604,2.1934017447835
0.486,2.03399280957669,1.87203571587363,2.19594990327974
0.487,2.03429270764944,1.87221053877606,2.19637487652282
0.489,2.03489265305386,1.87256073014784,2.19722457595989
0.491,2.03549279752448,1.87291401096386,2.19807158408509
0.492,2.03579294442997,1.87306705881738,2.19851883004255
0.499,2.03789536737246,1.8736218309067,2.20216890383822
0.505,2.03969938814874,1.87408738884444,2.20531138745304
0.507,2.04030112749666,1.87417776803666,2.20642448695666
0.508,2.04060207203657,1.87422255167273,2.20698159240042
0.51,2.04120411088918,1.87431204892224,2.20809617285612
0.512,2.04180634949327,1.87440145274197,2.20921124624458
0.517,2.04331282034546,1.87487179340234,2.21175384728858
0.519,2.04391575859485,1.87509381159725,2.21273770559246
0.52,2.04421730273267,1.87520479974608,2.21322980571926
0.525,2.04572577388038,1.87562301712387,2.21582853063689
0.526,2.04602761825896,1.87570136640923,2.2163538701087
0.528,2.04663145723071,1.8758580071783,2.21740490728313
0.529,2.04693345184026,1.87597658905083,2.2178903146297
0.531,2.0475375913477,1.87629474073452,2.21878044196088
0.532,2.04783973626198,1.87645381455424,2.21922565796972
0.54,2.05025870051242,1.87717168296707,2.22334571805776
0.546,2.05207503118275,1.87780678799985,2.22634327436565
0.547,2.05237792872841,1.87792299764108,2.22683285981573
0.549,2.05298387455135,1.87815809112663,2.22780965797607
0.55,2.05328692284507,1.87827585916748,2.22829798652267
0.552,2.05389317023815,1.87851138641656,2.22927495405974
0.553,2.05419636935396,1.87862914561588,2.22976359309204
0.558,2.0557131194548,1.87934707129008,2.23207916761953
0.559,2.05601662043695,1.8794927239077,2.23254051696621
0.561,2.05662377342912,1.87978405511196,2.23346349174627
0.562,2.0569274254556,1.87992973369667,2.23392511721453
0.567,2.05844644122169,1.88048813495269,2.2364047474907
0.568,2.05875039555935,1.88051295054294,2.23698784057576
0.57,2.05935845548507,1.88061692830839,2.23809998266174
0.571,2.05966256108963,1.8807315286992,2.23859359348006
0.577,2.06148825422074,1.88141903534953,2.24155747309194
0.579,2.0620972224164,1.88164816765781,2.24254627717498
0.584,2.06362052688523,1.88212901320933,2.24511204056113
0.586,2.06423020243822,1.88220370689525,2.24625669798119
0.587,2.06453511605467,1.88224137426444,2.24682885784491
0.589,2.06514509500886,1.88231707451432,2.2479731155034
0.591,2.06575527631325,1.88239493303193,2.24911561959458
0.592,2.06606044286747,1.8824338054647,2.24968708027024
0.605,2.07003221681453,1.8832730353898,2.25679139823925
0.607,2.0706440193061,1.88345239802318,2.25783564058901
0.608,2.07094999665282,1.88350597084284,2.25839402246281
0.61,2.07156210358966,1.88361300874487,2.25951119843444
0.619,2.07431909846553,1.884094820194,2.26454337673706
0.62,2.07462568530076,1.88414866552304,2.26510270507847
0.622,2.07523901151372,1.88425624883439,2.26622177419306
0.625,2.07615938231423,1.88447390405177,2.26784486057668
0.626,2.07646627434262,1.8845825595779,2.26834998910735
0.628,2.07708021109171,1.8847998485117,2.26936057367172
0.629,2.07738725582905,1.88490848190739,2.26986602975071
0.631,2.07800149807096,1.88512603512502,2.27087696101689
0.632,2.07830869559219,1.88523640153273,2.27138098965164
0.647,2.08292277643474,1.88653508873704,2.27931046413244
0.649,2.0835388547848,1.88681356055812,2.28026414901148
0.65,2.08384697058536,1.88695279325609,2.28074114791464
0.652,2.08446335547932,1.88723263054386,2.28169408041478
0.658,2.08631373710578,1.88807309830823,2.28455437590333
0.659,2.08662231306075,1.8882000420905,2.28504458403101
0.661,2.08723961848933,1.88841860106596,2.28606063591271
0.665,2.08847484365543,1.88885930387353,2.28809038343733
0.667,2.08909276352692,1.88904783919429,2.28913768785956
0.668,2.0894018003141,1.8891223916857,2.2896812089425
0.67,2.09002002763322,1.88927141612231,2.29076863914412
0.671,2.09032921818192,1.8893458880392,2.29131254832464
0.673,2.09094775309953,1.88949475119928,2.29240075499978
0.677,2.09218543845041,1.88979215442767,2.29457872247315
0.687,2.09528324546883,1.89013016749125,2.30043632344641
0.689,2.0959034234628,1.89020405251826,2.30160279440734
0.691,2.09652380714375,1.89027789009485,2.30276972419265
0.692,2.09683407613787,1.89031479107363,2.30335336120211
0.698,2.0986967707836,1.89060532910636,2.30678821246084
0.699,2.09900740008328,1.89071682188894,2.30729797827762
0.701,2.09962881320876,1.89093978746023,2.30831783895728
0.707,2.10149428940072,1.89162219132347,2.31136638747796
0.708,2.10180538255681,1.89173679518665,2.31187396992696
0.71,2.10242772362267,1.89196598391077,2.31288946333457
0.713,2.10336162223222,1.8922816713016,2.31444157316284
0.719,2.10523081352562,1.89277701403637,2.31768461301486
0.72,2.1055425262197,1.89285950435422,2.31822554808518
0.725,2.10710186510499,1.89314788462763,2.32105584558235
0.728,2.10803808907242,1.89328023724253,2.32279594090231
0.729,2.10835026721835,1.89332430876341,2.32337622567329
0.731,2.10897477879616,1.89341238271992,2.32453717487241
0.741,2.11210044460561,1.89385660892692,2.3303442802843
0.746,2.11366522176104,1.89408633925716,2.33324410426492
0.747,2.11397833286784,1.89414416964726,2.33381249608843
0.749,2.11460471082505,1.8942957347017,2.3349136869484
0.75,2.11491797769243,1.8943714880787,2.33546446730616
0.758,2.11742598308303,1.89497681424575,2.33987515192031
0.759,2.11773971769074,1.89505239226907,2.34042704311242
0.761,2.1183673429556,1.89520348971353,2.34153119619766
0.768,2.12056567079473,1.89573171445394,2.34539962713552
0.77,2.12119423314736,1.89588245940616,2.34650600688857
0.771,2.12150859248031,1.89595780243458,2.34705938252604
0.773,2.12213746750203,1.89620139593618,2.34807353906789
0.78,2.12434017270928,1.8970630189955,2.35161732642306
0.786,2.1262302411409,1.89780259386492,2.35465788841687
0.787,2.12654543534936,1.89792586225991,2.35516500843882
0.789,2.1271759805316,1.8981724040973,2.35617955696591
0.791,2.12780673479121,1.89841895264672,2.35719451693569
0.792,2.12812219034638,1.89854222943174,2.35770215126101
0.794,2.1287532583502,1.89878955036089,2.35871696633951
0.807,2.13286030386071,1.90042397257618,2.36529663514524
0.808,2.13317659716208,1.90054971592509,2.36580347839907
0.81,2.13380934106913,1.90080357098873,2.36681511114953
0.812,2.1344422947724,1.90105754364403,2.36782704590078
0.819,2.13665928586963,1.90199756909157,2.37132100264769
0.82,2.13697620891991,1.90216938867618,2.37178302916365
0.825,2.1385616123658,1.90302878354537,2.37409444118623
0.828,2.13951348529815,1.90311546833859,2.37591150225772
0.829,2.1398308814713,1.90320171739947,2.37646004554314
0.831,2.14046583166273,1.90344769934144,2.37748396398403
0.832,2.14078338569821,1.90357069162375,2.37799607977267
0.834,2.14141865169171,1.90381667879577,2.37902062458765
0.84,2.14332571367209,1.90455226853888,2.38209915880531
0.841,2.1436437417592,1.90465000726459,2.38263747625381
0.847,2.14555301760801,1.90513417830749,2.38597185690853
0.849,2.14618986493634,1.90522137693806,2.38715835293462
0.85,2.14650836777282,1.90526536336229,2.38775137218335
0.858,2.14905829173913,1.9052203893709,2.39289619410737
0.862,2.15033452213651,1.90516015865701,2.39550888561602
0.868,2.1522504548056,1.90552959596794,2.39897131364325
0.87,2.1528895225248,1.90573617105077,2.40004287399883
0.871,2.15320913582887,1.9058395662085,2.40057870544924
0.873,2.1538485213692,1.90604636270996,2.40165068002845
0.875,2.15448811887687,1.90625316745644,2.4027230702973
0.879,2.15576795007134,1.90653991767027,2.4049959824724
0.88,2.15608804045781,1.90658132448607,2.40559475642954
0.887,2.15833015911805,1.90687020810154,2.40979011013456
0.889,2.15897124233812,1.90695243590895,2.4109900487673
0.891,2.15961253808039,1.90703452553959,2.4121905506212
0.894,2.16057488032486,1.90716038204302,2.41398937860671
0.899,2.16217984766094,1.90737433729763,2.41698535802426
0.907,2.16475056315729,1.90771492038167,2.42178620593291
0.908,2.16507214229459,1.90775734190128,2.42238694268789
0.91,2.16571546046509,1.90784208385772,2.42358883707246
0.912,2.1663589918882,1.90792669093262,2.42479129284379
0.92,2.16893525150097,1.90826376790674,2.42960673509519
0.928,2.17151492873483,1.90861324905288,2.43441660841679
0.929,2.17183762891309,1.90865774323963,2.43501751458655
0.932,2.17280605035617,1.90879102677323,2.43682107393911
0.94,2.17539086240375,1.90914498726258,2.44163673754493
0.943,2.17636105066981,1.90927717289646,2.44344492844317
0.947,2.1776553854842,1.9094003590277,2.4459104119407
0.949,2.1783028746746,1.90957397531315,2.44703177403606
0.95,2.17862669974628,1.90968504918865,2.4475683503039
0.959,2.18154354126353,1.91076526553466,2.45232181699241
0.961,2.1821923191999,1.91106041696256,2.45332422143723
0.962,2.18251678880244,1.91120800415576,2.45382557344913
0.968,2.18446473585224,1.91199169199986,2.45693777970462
0.97,2.18511448200716,1.91198688871678,2.45824207529755
0.973,2.18608950504847,1.91197923844407,2.46019977165288
0.977,2.18739028991635,1.91196820565027,2.46281237418244
0.986,2.190320209869,1.91194980283496,2.46869061690304
0.987,2.19064602630859,1.91194759635281,2.46934445626437
0.989,2.19129782116044,1.91194300577044,2.47065263655044
0.991,2.19194983203467,1.91193817818777,2.47196148588156
0.992,2.19227591850222,1.91195413804957,2.47259769895488
0.998,2.19423357228973,1.91247266957445,2.47599447500501
0.999,2.19456003716708,1.9125590511945,2.47656102313966
1.008,2.1975006563477,1.913341067705,2.4816602449904
1.01,2.1981547229575,1.9135169373263,2.4827925085887
1.012,2.19880900633181,1.91369276321547,2.48392524944815
1.02,2.20142830889081,1.91439562831899,2.48846098946262
1.026,2.20339506530947,1.91492231518357,2.49186781543538
1.029,2.20437917689333,1.91518550958478,2.49357284420188
1.031,2.20503552306545,1.91536091719191,2.49471012893898
1.032,2.205363777713,1.91544860437602,2.49527895104997
1.04,2.20799177354172,1.91615173336068,2.49983181372276
1.049,2.21095243505699,1.91693468672063,2.50497018339335
1.05,2.21128167001564,1.91695211322159,2.50561122680969
1.052,2.2119403035806,1.91694850407474,2.50693210308647
1.058,2.21391751409841,1.91693661073792,2.5108984174589
1.061,2.21490685657393,1.91698628621601,2.51282742693185
1.062,2.21523674667584,1.91701608679842,2.51345740655326
1.067,2.21688701716243,1.91716422466817,2.51660980965669
1.068,2.21721723531764,1.91719367904718,2.51724079158811
1.07,2.21787783575742,1.91725241439701,2.51850325711783
1.071,2.21820821805985,1.91728169531446,2.51913474080523
1.087,2.22350178474965,1.91774230096302,2.52926126853628
1.089,2.22416446761564,1.91779882948021,2.53053010575108
1.091,2.22482737006041,1.91785512457342,2.53179961554739
1.103,2.22880939990027,1.91818798117774,2.53943081862279
1.108,2.23047091647275,1.91832417794832,2.54261765499718
1.11,2.23113590849543,1.91837824476855,2.5438935722223
1.113,2.23213380967599,1.91851764713706,2.54574997221491
1.119,2.23413110025526,1.91875205876167,2.54951014174884
1.128,2.23713076031566,1.91910181061191,2.55515971001941
1.129,2.23746433198422,1.91914053653135,2.55578812743708
1.131,2.23813164109331,1.91921790699665,2.55704537518997
1.149,2.24414738076713,1.91993917967703,2.56835558185723
1.152,2.24515174882428,1.92006067432169,2.57024282332686
1.167,2.25018108139047,1.92066462204352,2.57969754073741
1.17,2.25118844807275,1.92078505727643,2.58159183886907
1.189,2.25758007287957,1.92152440409831,2.59363574166083
1.191,2.25825404616752,1.92159925041166,2.59490884192338
1.198,2.2606147113667,1.92186034206736,2.59936908066605
1.203,2.26230257701495,1.92204600552498,2.60255914850492
1.207,2.26365387614138,1.92219403684965,2.6051137154331
1.208,2.26399184080569,1.92222351343683,2.60576016817455
1.21,2.26466793805749,1.92225463328059,2.60708124283439
1.229,2.27110204221479,1.92247495698872,2.61972912744086
1.231,2.27178049467984,1.92251121483416,2.62104977452551
1.247,2.27721621074428,1.92264741846389,2.63178500302466
1.249,2.2778966883968,1.92266493040721,2.6331284463864
1.27,2.28505532563389,1.92297152660177,2.64713912466601
1.271,2.28539683439027,1.92299116891739,2.64780249986315
1.279,2.28813094100431,1.92314682486541,2.6531150571432
1.289,2.29155367094316,1.92334976637236,2.65975757551397
1.291,2.29223889722652,1.92339078835576,2.66108700609728
1.294,2.29326716218322,1.92345201701533,2.66308230735111
1.299,2.29498207247938,1.92355325220553,2.66641089275323
1.301,2.29566843419289,1.92359346150612,2.66774340687967
1.313,2.29979138054675,1.92414991395946,2.67543284713405
1.32,2.30220021796428,1.92464975116801,2.67975068476055
1.328,2.30495659540866,1.92415652622074,2.68575666459658
1.329,2.30530139934214,1.92409969508494,2.68650310359934
1.331,2.3059911784801,1.92412949504719,2.687852861913
1.349,2.31220947872452,1.92439520885521,2.70002374859383
1.35,2.3125554834474,1.92441155023524,2.70069941665957
1.361,2.31636531813998,1.92458850041437,2.70814213586559
1.368,2.31879337292882,1.92470077990356,2.71288596595409
1.371,2.31983482942362,1.92474832516692,2.71492133368032
1.38,2.32296230382046,1.92488866272423,2.72103594491668
1.382,2.32365793109455,1.9249193798368,2.7223964823523
1.389,2.32609444090604,1.92503338786412,2.72715549394796
1.392,2.32713952393767,1.9250820763224,2.72919697155293
1.398,2.32923124752868,1.92517829920217,2.73328419585519
1.399,2.3295800701387,1.92519418655676,2.73396595372065
1.42,2.33691869802057,1.92561799631285,2.7482193997283
1.431,2.34077293323235,1.92632708046362,2.75521878600108
1.447,2.34639163462002,1.92737247841679,2.76541079082325
1.449,2.34709501903169,1.92745253217209,2.76673750589129
1.45,2.34744679855581,1.9274924890578,2.76740110805382
1.458,2.35026313164075,1.92781046162932,2.77271580165219
1.47,2.35449462889061,1.92819066669843,2.78079859108279
1.491,2.36191999978898,1.92831853697749,2.79552146260047
1.498,2.36440086335734,1.92835603877899,2.80044568793568
1.528,2.37506574518925,1.92900223523672,2.82112925514178
1.529,2.37542215384526,1.9290262757913,2.82181803189922
1.55,2.38292037470345,1.92952076219238,2.83631998721451
1.552,2.38363585075129,1.92956682051086,2.83770488099172
1.561,2.3868584245313,1.92977184377872,2.84394500528388
1.564,2.38793368262588,1.9298393689793,2.84602799627247
1.57,2.39008580063238,1.92997319236627,2.85019840889849
1.573,2.39116266106654,1.93003948949045,2.85228583264263
1.58,2.39367741500344,1.93019258577479,2.85716224423209
1.589,2.39691495249783,1.93038612958408,2.86344377541157
1.594,2.39871566855315,1.93049204769474,2.86693928941156
1.61,2.40448797999331,1.93075514936809,2.87822081061853
1.612,2.40521059384347,1.93077299668302,2.87964819100392
1.629,2.4113624743435,1.93088263591185,2.89184231277515
1.661,2.42298952268524,1.93036552926148,2.915613516109
1.668,2.42554115410065,1.93004587344068,2.92103643476062
1.67,2.42627073447603,1.92995406448999,2.92258740446206
1.71,2.44091314098385,1.92826269465702,2.95356358731067
1.72,2.44458890411317,1.92823389265123,2.96094391557512
1.728,2.44753389489554,1.92821263763538,2.96685515215569
1.729,2.44790229279328,1.92820974498011,2.96759484060644
1.747,2.45454388412885,1.92815522408234,2.98093254417535
1.752,2.45639228207013,1.9281268719419,2.98465769219835
1.77,2.46305918407937,1.92801939415961,2.99809897399912
1.78,2.46677160258376,1.92795221750849,3.00559098765904
1.931,2.52358172197712,1.92634084360206,3.12082260035219
1.991,2.54655192878038,1.92689312060445,3.16621073695632
2.01,2.55387344474679,1.92697176823288,3.18077512126069
2.029,2.56121798717222,1.92688530289137,3.19555067145306
2.152,2.60932616358742,1.92476129956143,3.29389102761341
2.25,2.64836218772715,1.92075811945088,3.37596625600342
2.271,2.65680957787301,1.91982670282453,3.39379245292149
2.37,2.69702998038699,1.91592107203712,3.47813888873686
2.487,2.74541862143784,1.9120998806953,3.57873736218038
